2026-04-13 19:47:43,099 - Commande reçue : SIMON — 300 leads
2026-04-13 19:47:43,748 - file_cache is only supported with oauth2client<4.0.0
2026-04-13 19:47:44,378 - Email envoyé : Commande leads — SIMON — 300 leads
2026-04-13 20:02:04,689 - Commande reçue : Dh — 500 leads
2026-04-13 20:02:04,983 - file_cache is only supported with oauth2client<4.0.0
2026-04-13 20:02:05,660 - Email envoyé : Commande leads — Dh — 500 leads
2026-04-14 13:31:09,033 - Commande reçue : Dan MARCIANO — 8544 leads
2026-04-14 13:31:09,690 - file_cache is only supported with oauth2client<4.0.0
2026-04-14 13:31:10,376 - Email envoyé : Commande leads — Dan MARCIANO — 8544 leads
2026-04-14 16:02:28,383 - Commande supprimee : id=legacy_2
2026-04-14 16:02:30,765 - Commande supprimee : id=legacy_1
2026-04-14 16:02:33,482 - Commande supprimee : id=legacy_0
2026-04-14 16:05:39,401 - Commande recue : bsh — 100 leads
2026-04-14 16:05:40,020 - file_cache is only supported with oauth2client<4.0.0
2026-04-14 16:05:40,840 - Email envoyé : Commande leads — bsh — 100 leads
2026-04-14 16:07:52,374 - Commande recue : bsh — 100 leads
2026-04-14 16:07:52,650 - file_cache is only supported with oauth2client<4.0.0
2026-04-14 16:07:53,840 - Email envoyé : Commande leads — bsh — 100 leads
2026-04-15 17:20:33,789 - Commande: ARTHUR 100
2026-04-15 17:20:34,589 - file_cache is only supported with oauth2client<4.0.0
2026-04-15 17:20:35,497 - Email: Commande leads - ARTHUR - 100 leads
2026-04-15 17:21:33,856 - Commande: ARTHUR 100
2026-04-15 17:21:35,156 - Email: Commande leads - ARTHUR - 100 leads
2026-04-15 17:22:33,928 - Commande: ARTHUR 150
2026-04-15 17:22:34,483 - Email: Commande leads - ARTHUR - 150 leads
2026-04-16 10:24:46,058 - Commande: Lenny 300
2026-04-16 10:26:04,871 - file_cache is only supported with oauth2client<4.0.0
2026-04-16 10:27:11,143 - Email error: timed out
2026-04-16 10:27:11,145 - [Errno 32] Broken pipe
2026-04-16 11:38:11,123 - Commande: BL CONSEILS 326
2026-04-16 11:39:11,174 - Email error: timed out
2026-04-16 11:49:06,891 - Commande: GAD SEBAG GROUPE ÉNERGIE DE FRANCE 300
2026-04-16 11:50:06,927 - Email error: timed out
2026-04-16 11:57:49,397 - Commande: SUNNY 1 200
2026-04-16 11:58:55,643 - Email error: timed out
2026-04-16 11:58:55,652 - [Errno 32] Broken pipe
2026-04-16 11:58:55,669 - Commande: SUNNY 2 200
2026-04-16 11:59:55,748 - Email error: timed out
2026-04-16 11:59:55,750 - [Errno 32] Broken pipe
2026-04-16 12:02:47,718 - Commande: TEST 89
2026-04-16 12:03:47,750 - Email error: timed out
2026-04-16 12:06:40,565 - Please visit this URL to authorize this application: https://accounts.google.com/o/oauth2/auth?response_type=code&client_id=258686679185-8tc8fs61s1b12qambqedkisq3t77jn0m.apps.googleusercontent.com&redirect_uri=http%3A%2F%2Flocalhost%3A61102%2F&scope=https%3A%2F%2Fwww.googleapis.com%2Fauth%2Fgmail.send+https%3A%2F%2Fwww.googleapis.com%2Fauth%2Fgmail.readonly&state=mFsCcuUWzj9873gZZ2PB3tir7KUxol&code_challenge=LsA6TV4hU7GxG-d0y0Isd0FaMMbU0bgkOH5fREhzQV4&code_challenge_method=S256&access_type=offline
2026-04-16 12:06:46,289 - "GET /?state=mFsCcuUWzj9873gZZ2PB3tir7KUxol&iss=https://accounts.google.com&code=4/0Aci98E8ZTbzAvtRzLIE6Jyd_f7X0Ijpxq6hk3Q5thB0PY-6dJ47sGW7RCXdTtm3UidU9uQ&scope=https://www.googleapis.com/auth/gmail.readonly%20https://www.googleapis.com/auth/gmail.send HTTP/1.1" 200 65
2026-04-16 12:08:04,685 - file_cache is only supported with oauth2client<4.0.0
2026-04-16 12:12:20,848 - Commande: test 1000
2026-04-16 12:12:21,209 - file_cache is only supported with oauth2client<4.0.0
2026-04-16 12:13:21,236 - Email error: timed out
2026-04-16 12:19:51,712 - Commande: test 100
2026-04-16 12:19:51,969 - file_cache is only supported with oauth2client<4.0.0
2026-04-16 12:20:58,188 - Email error: timed out
2026-04-16 12:30:23,131 - Commande: test 100
2026-04-16 12:30:23,380 - file_cache is only supported with oauth2client<4.0.0
2026-04-16 12:31:29,600 - Email error: timed out
2026-04-16 12:31:29,602 - [Errno 32] Broken pipe
2026-04-16 13:16:47,356 - Commande: A2E consulting 200
2026-04-16 13:16:48,024 - file_cache is only supported with oauth2client<4.0.0
2026-04-16 13:16:48,657 - Email: Commande leads - A2E consulting - 200 leads
2026-04-16 13:24:27,626 - Commande: AS CONSEIL 130
2026-04-16 13:24:27,635 - file_cache is only supported with oauth2client<4.0.0
2026-04-16 13:24:28,354 - Email: Commande leads - AS CONSEIL - 130 leads
2026-04-16 13:27:56,636 - Commande: LUNA 600
2026-04-16 13:27:56,642 - file_cache is only supported with oauth2client<4.0.0
2026-04-16 13:27:57,335 - Email: Commande leads - LUNA - 600 leads
2026-04-16 13:35:04,486 - Commande: CHARLES 350
2026-04-16 13:35:04,494 - file_cache is only supported with oauth2client<4.0.0
2026-04-16 13:35:05,187 - Email: Commande leads - CHARLES - 350 leads
2026-04-16 13:39:54,995 - Commande: YOHAN GAD CONSULTING 100
2026-04-16 13:39:55,003 - file_cache is only supported with oauth2client<4.0.0
2026-04-16 13:39:56,226 - Email: Commande leads - YOHAN GAD CONSULTING - 100 leads
2026-04-16 13:40:25,025 - Commande: YOHAN GAD CONSULTING 100
2026-04-16 13:40:25,030 - file_cache is only supported with oauth2client<4.0.0
2026-04-16 13:40:25,837 - Email: Commande leads - YOHAN GAD CONSULTING - 100 leads
2026-04-16 13:40:45,504 - Commande: YOHAN GAD CONSULTING 150
2026-04-16 13:40:45,507 - file_cache is only supported with oauth2client<4.0.0
2026-04-16 13:40:46,181 - Email: Commande leads - YOHAN GAD CONSULTING - 150 leads
2026-04-16 13:43:34,810 - Commande: DB INVEST 200
2026-04-16 13:43:34,816 - file_cache is only supported with oauth2client<4.0.0
2026-04-16 13:43:35,574 - Email: Commande leads - DB INVEST - 200 leads
2026-04-16 13:51:45,742 - Commande: AJ PARTNERS 50
2026-04-16 13:51:45,748 - file_cache is only supported with oauth2client<4.0.0
2026-04-16 13:51:46,763 - Email: Commande leads - AJ PARTNERS - 50 leads
2026-04-16 13:53:08,165 - Commande: Anr consulting 75
2026-04-16 13:53:08,172 - file_cache is only supported with oauth2client<4.0.0
2026-04-16 13:53:08,842 - Email: Commande leads - Anr consulting - 75 leads
2026-04-16 13:53:45,855 - Commande: Anr consulting 100
2026-04-16 13:53:45,859 - file_cache is only supported with oauth2client<4.0.0
2026-04-16 13:53:46,778 - Email: Commande leads - Anr consulting - 100 leads
2026-04-16 13:54:21,837 - Commande: Anr consulting 90
2026-04-16 13:54:21,842 - file_cache is only supported with oauth2client<4.0.0
2026-04-16 13:54:22,727 - Email: Commande leads - Anr consulting - 90 leads
2026-04-16 13:55:23,614 - Commande: Anr consulting 90
2026-04-16 13:55:23,617 - file_cache is only supported with oauth2client<4.0.0
2026-04-16 13:55:24,417 - Email: Commande leads - Anr consulting - 90 leads
2026-04-16 13:55:53,645 - Commande: Anr consulting 40
2026-04-16 13:55:53,647 - file_cache is only supported with oauth2client<4.0.0
2026-04-16 13:55:54,352 - Email: Commande leads - Anr consulting - 40 leads
2026-04-16 13:59:53,884 - Commande: LUNA CONSEIL 350
2026-04-16 13:59:53,888 - file_cache is only supported with oauth2client<4.0.0
2026-04-16 13:59:54,609 - Email: Commande leads - LUNA CONSEIL - 350 leads
2026-04-16 14:08:24,416 - Commande: Mt consei 100
2026-04-16 14:08:24,419 - file_cache is only supported with oauth2client<4.0.0
2026-04-16 14:08:25,397 - Email: Commande leads - Mt consei - 100 leads
2026-04-16 14:09:55,507 - Commande: ZHM business 500
2026-04-16 14:09:55,513 - file_cache is only supported with oauth2client<4.0.0
2026-04-16 14:09:56,485 - Email: Commande leads - ZHM business - 500 leads
2026-04-16 15:08:03,209 - Commande: Saconseil 200
2026-04-16 15:08:03,514 - file_cache is only supported with oauth2client<4.0.0
2026-04-16 15:08:04,298 - Email: Commande leads - Saconseil - 200 leads
2026-04-16 15:23:21,360 - Commande: A&C solutions 150
2026-04-16 15:23:21,373 - file_cache is only supported with oauth2client<4.0.0
2026-04-16 15:23:22,186 - Email: Commande leads - A&C solutions - 150 leads
2026-04-16 15:26:52,988 - Commande: SAVIVA ENERGIE 150
2026-04-16 15:26:52,996 - file_cache is only supported with oauth2client<4.0.0
2026-04-16 15:26:55,449 - Email: Commande leads - SAVIVA ENERGIE - 150 leads
2026-04-16 15:27:25,491 - Commande: SAVIVA ENERGIE 50
2026-04-16 15:27:25,496 - file_cache is only supported with oauth2client<4.0.0
2026-04-16 15:27:26,316 - Email: Commande leads - SAVIVA ENERGIE - 50 leads
2026-04-16 15:44:16,955 - Commande: INNOLI ILAN 500
2026-04-16 15:44:16,962 - file_cache is only supported with oauth2client<4.0.0
2026-04-16 15:44:17,636 - Email: Commande leads - INNOLI ILAN - 500 leads
2026-04-16 16:49:30,116 - Commande: test 100
2026-04-16 16:49:30,653 - file_cache is only supported with oauth2client<4.0.0
2026-04-16 16:49:32,318 - Email: Commande leads - test - 100 leads
2026-04-16 16:57:21,610 - Commande: ZBOUBSOLAIRE 500
2026-04-16 16:57:21,867 - file_cache is only supported with oauth2client<4.0.0
2026-04-16 16:57:23,225 - Email: Commande leads - ZBOUBSOLAIRE - 500 leads
2026-04-16 17:20:53,202 - Commande: ACL GESTION 100
2026-04-16 17:20:53,208 - [Errno 32] Broken pipe
2026-04-16 17:20:53,231 - Commande: ACL GESTION 100
2026-04-16 17:20:53,245 - Commande: ACL GESTION 100
2026-04-16 17:20:53,248 - Commande: ACL GESTION 100
2026-04-16 17:20:53,251 - Commande: ACL GESTION 100
2026-04-16 17:20:53,252 - [Errno 32] Broken pipe
2026-04-16 17:20:53,588 - file_cache is only supported with oauth2client<4.0.0
2026-04-16 17:20:53,589 - file_cache is only supported with oauth2client<4.0.0
2026-04-16 17:20:53,589 - file_cache is only supported with oauth2client<4.0.0
2026-04-16 17:20:53,594 - file_cache is only supported with oauth2client<4.0.0
2026-04-16 17:20:53,595 - file_cache is only supported with oauth2client<4.0.0
2026-04-16 17:20:54,207 - Email: Commande leads - ACL GESTION - 100 leads
2026-04-16 17:20:54,396 - Email: Commande leads - ACL GESTION - 100 leads
2026-04-16 17:20:54,723 - Email: Commande leads - ACL GESTION - 100 leads
2026-04-16 17:20:54,916 - Email: Commande leads - ACL GESTION - 100 leads
2026-04-16 17:20:55,097 - Email: Commande leads - ACL GESTION - 100 leads
2026-04-16 17:25:29,887 - Commande: ACL GESTION 100
2026-04-16 17:25:29,906 - Commande: ACL GESTION 100
2026-04-16 17:25:29,909 - file_cache is only supported with oauth2client<4.0.0
2026-04-16 17:25:29,909 - Commande: ACL GESTION 100
2026-04-16 17:25:29,923 - file_cache is only supported with oauth2client<4.0.0
2026-04-16 17:25:29,956 - Commande: ACL GESTION 100
2026-04-16 17:25:29,958 - file_cache is only supported with oauth2client<4.0.0
2026-04-16 17:25:29,960 - file_cache is only supported with oauth2client<4.0.0
2026-04-16 17:25:29,961 - Commande: ACL GESTION 100
2026-04-16 17:25:29,963 - file_cache is only supported with oauth2client<4.0.0
2026-04-16 17:25:30,843 - Email: Commande leads - ACL GESTION - 100 leads
2026-04-16 17:25:31,331 - Email: Commande leads - ACL GESTION - 100 leads
2026-04-16 17:25:31,936 - Email: Commande leads - ACL GESTION - 100 leads
2026-04-16 17:25:32,459 - Email: Commande leads - ACL GESTION - 100 leads
2026-04-16 17:25:32,838 - Email: Commande leads - ACL GESTION - 100 leads
2026-04-16 17:25:59,930 - Commande: ACL GESTION 100
2026-04-16 17:25:59,935 - file_cache is only supported with oauth2client<4.0.0
2026-04-16 17:26:00,656 - Email: Commande leads - ACL GESTION - 100 leads
2026-04-16 17:32:31,638 - Commande: KB conseil 150
2026-04-16 17:32:31,657 - Commande: KB conseil 150
2026-04-16 17:32:31,671 - Commande: KB conseil 150
2026-04-16 17:32:31,677 - Commande: KB conseil 150
2026-04-16 17:32:31,683 - Commande: KB conseil 150
2026-04-16 17:32:32,006 - file_cache is only supported with oauth2client<4.0.0
2026-04-16 17:32:32,007 - file_cache is only supported with oauth2client<4.0.0
2026-04-16 17:32:32,007 - file_cache is only supported with oauth2client<4.0.0
2026-04-16 17:32:32,011 - file_cache is only supported with oauth2client<4.0.0
2026-04-16 17:32:32,014 - file_cache is only supported with oauth2client<4.0.0
2026-04-16 17:32:32,631 - Email: Commande leads - KB conseil - 150 leads
2026-04-16 17:32:32,804 - Email: Commande leads - KB conseil - 150 leads
2026-04-16 17:32:32,988 - Email: Commande leads - KB conseil - 150 leads
2026-04-16 17:32:33,159 - Email: Commande leads - KB conseil - 150 leads
2026-04-16 17:32:33,338 - Email: Commande leads - KB conseil - 150 leads
2026-04-16 17:33:01,757 - Commande: KB conseil 150
2026-04-16 17:33:01,764 - file_cache is only supported with oauth2client<4.0.0
2026-04-16 17:33:02,396 - Email: Commande leads - KB conseil - 150 leads
2026-04-16 17:45:13,354 - Commande: HC ENERGIE 50
2026-04-16 17:45:13,361 - Commande: HC ENERGIE 50
2026-04-16 17:45:13,606 - file_cache is only supported with oauth2client<4.0.0
2026-04-16 17:45:13,607 - file_cache is only supported with oauth2client<4.0.0
2026-04-16 17:45:14,219 - Email: Commande leads - HC ENERGIE - 50 leads
2026-04-16 17:45:17,321 - Email: Commande leads - HC ENERGIE - 50 leads
2026-04-16 17:46:13,419 - Commande: HC ENERGIE 50
2026-04-16 17:46:13,434 - Commande: HC ENERGIE 50
2026-04-16 17:46:13,725 - file_cache is only supported with oauth2client<4.0.0
2026-04-16 17:46:13,726 - file_cache is only supported with oauth2client<4.0.0
2026-04-16 17:46:14,957 - Email: Commande leads - HC ENERGIE - 50 leads
2026-04-16 17:46:15,585 - Email: Commande leads - HC ENERGIE - 50 leads
2026-04-16 17:47:13,483 - Commande: HC ENERGIE 50
2026-04-16 17:47:13,490 - Commande: HC ENERGIE 50
2026-04-16 17:47:13,493 - file_cache is only supported with oauth2client<4.0.0
2026-04-16 17:47:13,494 - file_cache is only supported with oauth2client<4.0.0
2026-04-16 17:47:14,877 - Email: Commande leads - HC ENERGIE - 50 leads
2026-04-16 17:47:15,499 - Email: Commande leads - HC ENERGIE - 50 leads
2026-04-16 17:47:45,554 - Commande: HC ENERGIE 50
2026-04-16 17:47:45,558 - file_cache is only supported with oauth2client<4.0.0
2026-04-16 17:47:46,894 - Email: Commande leads - HC ENERGIE - 50 leads
2026-04-16 17:50:15,720 - Commande: ZHM business 250
2026-04-16 17:50:15,729 - file_cache is only supported with oauth2client<4.0.0
2026-04-16 17:50:17,097 - Email: Commande leads - ZHM business - 250 leads
2026-04-16 17:50:45,749 - Commande: ZHM business 250
2026-04-16 17:50:45,752 - file_cache is only supported with oauth2client<4.0.0
2026-04-16 17:50:47,240 - Email: Commande leads - ZHM business - 250 leads
2026-04-16 17:51:31,438 - Commande: Ky 100
2026-04-16 17:51:31,452 - Commande: Ky 100
2026-04-16 17:51:31,456 - file_cache is only supported with oauth2client<4.0.0
2026-04-16 17:51:31,456 - file_cache is only supported with oauth2client<4.0.0
2026-04-16 17:51:32,791 - Email: Commande leads - Ky - 100 leads
2026-04-16 17:51:33,409 - Email: Commande leads - Ky - 100 leads
2026-04-16 17:51:49,845 - Commande: Ky 100
2026-04-16 17:51:49,847 - file_cache is only supported with oauth2client<4.0.0
2026-04-16 17:51:51,308 - Email: Commande leads - Ky - 100 leads
2026-04-16 18:03:54,366 - Commande: SHANONE 200
2026-04-16 18:03:54,371 - Commande: SHANONE 200
2026-04-16 18:03:54,375 - Commande: SHANONE 200
2026-04-16 18:03:54,377 - Commande: SHANONE 200
2026-04-16 18:03:54,381 - Commande: SHANONE 200
2026-04-16 18:03:54,640 - file_cache is only supported with oauth2client<4.0.0
2026-04-16 18:03:54,641 - file_cache is only supported with oauth2client<4.0.0
2026-04-16 18:03:54,641 - file_cache is only supported with oauth2client<4.0.0
2026-04-16 18:03:54,645 - file_cache is only supported with oauth2client<4.0.0
2026-04-16 18:03:54,647 - file_cache is only supported with oauth2client<4.0.0
2026-04-16 18:03:56,303 - Email: Commande leads - SHANONE - 200 leads
2026-04-16 18:03:56,928 - Email: Commande leads - SHANONE - 200 leads
2026-04-16 18:03:57,559 - Email: Commande leads - SHANONE - 200 leads
2026-04-16 18:03:58,235 - Email: Commande leads - SHANONE - 200 leads
2026-04-16 18:03:58,852 - Email: Commande leads - SHANONE - 200 leads
2026-04-16 18:03:59,942 - Commande: Groupe ya 150
2026-04-16 18:03:59,944 - file_cache is only supported with oauth2client<4.0.0
2026-04-16 18:04:05,296 - Email: Commande leads - Groupe ya - 150 leads
2026-04-16 18:16:13,659 - Commande: TAMAR 400
2026-04-16 18:16:13,670 - file_cache is only supported with oauth2client<4.0.0
2026-04-16 18:16:15,093 - Email: Commande leads - TAMAR - 400 leads
2026-04-16 19:38:52,927 - Commande: test 100
2026-04-16 19:38:52,929 - Email error: No module named 'google'
2026-04-16 19:41:07,415 - Commande: test 100
2026-04-16 19:41:07,417 - Email error: No module named 'google'
2026-04-16 19:43:13,643 - Commande: test 100
2026-04-16 19:43:14,291 - file_cache is only supported with oauth2client<4.0.0
2026-04-16 19:43:15,374 - Email: Commande leads - test - 100 leads
2026-04-16 19:46:03,536 - Commande: test 100
2026-04-16 19:46:03,794 - file_cache is only supported with oauth2client<4.0.0
2026-04-16 19:46:04,410 - Email: Commande leads - test - 100 leads
2026-04-16 21:53:23,601 - Commande: MIJ 50
2026-04-16 21:53:24,257 - file_cache is only supported with oauth2client<4.0.0
2026-04-16 21:53:26,427 - Email: Commande leads - MIJ - 50 leads
2026-04-16 21:53:57,957 - Commande: JDLN 120
2026-04-16 21:53:57,962 - file_cache is only supported with oauth2client<4.0.0
2026-04-16 21:53:58,509 - Email: Commande leads - JDLN - 120 leads
2026-04-16 21:54:52,374 - Commande: Test 100
2026-04-16 21:54:52,378 - file_cache is only supported with oauth2client<4.0.0
2026-04-16 21:54:52,984 - Email: Commande leads - Test - 100 leads
2026-04-16 21:59:33,261 - Commande: INNOLI environnement 300
2026-04-16 21:59:33,273 - file_cache is only supported with oauth2client<4.0.0
2026-04-16 21:59:33,867 - Email: Commande leads - INNOLI environnement - 300 leads
2026-04-16 22:27:28,048 - Commande: VALEOS 150
2026-04-16 22:27:28,055 - file_cache is only supported with oauth2client<4.0.0
2026-04-16 22:27:28,647 - Email: Commande leads - VALEOS - 150 leads
2026-04-16 22:30:38,282 - Commande: YSAC partnairs 150
2026-04-16 22:30:38,291 - file_cache is only supported with oauth2client<4.0.0
2026-04-16 22:30:38,984 - Email: Commande leads - YSAC partnairs - 150 leads
2026-04-16 22:33:48,483 - Commande: Ahm 150
2026-04-16 22:33:48,488 - file_cache is only supported with oauth2client<4.0.0
2026-04-16 22:33:49,349 - Email: Commande leads - Ahm - 150 leads
2026-04-16 22:35:28,582 - Commande: Ahm 2 80
2026-04-16 22:35:28,589 - file_cache is only supported with oauth2client<4.0.0
2026-04-16 22:35:29,277 - Email: Commande leads - Ahm 2 - 80 leads
2026-04-16 23:03:10,273 - Commande: LEV CONSEIL 100
2026-04-16 23:03:10,553 - file_cache is only supported with oauth2client<4.0.0
2026-04-16 23:03:11,240 - Email: Commande leads - LEV CONSEIL - 100 leads
2026-04-16 23:31:21,515 - Commande: ecoenviro 200
2026-04-16 23:31:21,527 - file_cache is only supported with oauth2client<4.0.0
2026-04-16 23:31:22,099 - Email: Commande leads - ecoenviro - 200 leads
2026-04-16 23:55:32,834 - Commande: SIMS 400
2026-04-16 23:55:33,137 - file_cache is only supported with oauth2client<4.0.0
2026-04-16 23:55:33,137 - file_cache is only supported with oauth2client<4.0.0
2026-04-16 23:55:33,755 - Email: Commande leads - SIMS - 400 leads
2026-04-23 12:27:42,371 - Commande: bl conseils 100
2026-04-23 12:27:42,764 - file_cache is only supported with oauth2client<4.0.0
2026-04-23 12:27:43,128 - file_cache is only supported with oauth2client<4.0.0
2026-04-23 12:27:43,790 - Email: Commande leads - bl conseils - 100 leads
2026-04-23 12:28:56,146 - Commande: Bl conseils 100
2026-04-23 12:28:56,243 - file_cache is only supported with oauth2client<4.0.0
2026-04-23 12:28:56,243 - file_cache is only supported with oauth2client<4.0.0
2026-04-23 12:28:56,855 - Email: Commande leads - Bl conseils - 100 leads
2026-04-23 12:29:36,184 - Commande: bl conseil 350
2026-04-23 12:29:36,282 - file_cache is only supported with oauth2client<4.0.0
2026-04-23 12:29:36,282 - file_cache is only supported with oauth2client<4.0.0
2026-04-23 12:29:37,067 - Email: Commande leads - bl conseil - 350 leads
2026-04-23 12:40:44,734 - Commande: DB INVEST 400
2026-04-23 12:40:44,837 - file_cache is only supported with oauth2client<4.0.0
2026-04-23 12:40:44,838 - file_cache is only supported with oauth2client<4.0.0
2026-04-23 12:40:45,734 - Email: Commande leads - DB INVEST - 400 leads
2026-04-23 13:03:57,667 - Commande: test 100
2026-04-23 13:03:58,025 - file_cache is only supported with oauth2client<4.0.0
2026-04-23 13:03:58,026 - file_cache is only supported with oauth2client<4.0.0
2026-04-23 13:03:58,762 - Email: Commande leads - test - 100 leads
2026-04-23 13:26:28,926 - Commande: ACL GESTION 150
2026-04-23 13:26:29,032 - file_cache is only supported with oauth2client<4.0.0
2026-04-23 13:26:29,365 - file_cache is only supported with oauth2client<4.0.0
2026-04-23 13:26:30,012 - Email: Commande leads - ACL GESTION - 150 leads
2026-04-23 13:49:00,271 - Commande: Yona 130
2026-04-23 13:49:00,372 - file_cache is only supported with oauth2client<4.0.0
2026-04-23 13:49:00,373 - file_cache is only supported with oauth2client<4.0.0
2026-04-23 13:49:01,141 - Email: Commande leads - Yona - 130 leads
2026-04-23 14:08:01,475 - Commande: BIRKAT HM PARTNERS 60
2026-04-23 14:08:01,573 - file_cache is only supported with oauth2client<4.0.0
2026-04-23 14:08:01,574 - file_cache is only supported with oauth2client<4.0.0
2026-04-23 14:08:02,203 - Email: Commande leads - BIRKAT HM PARTNERS - 60 leads
2026-04-23 14:14:31,862 - Commande: Saconseil 200
2026-04-23 14:14:31,957 - file_cache is only supported with oauth2client<4.0.0
2026-04-23 14:14:31,964 - file_cache is only supported with oauth2client<4.0.0
2026-04-23 14:14:32,594 - Email: Commande leads - Saconseil - 200 leads
2026-04-23 14:19:32,149 - Commande: Saviva energie 150
2026-04-23 14:19:32,246 - file_cache is only supported with oauth2client<4.0.0
2026-04-23 14:19:32,247 - file_cache is only supported with oauth2client<4.0.0
2026-04-23 14:19:33,015 - Email: Commande leads - Saviva energie - 150 leads
2026-04-23 14:20:02,179 - Commande: Saviva energie 150
2026-04-23 14:20:02,275 - file_cache is only supported with oauth2client<4.0.0
2026-04-23 14:20:02,283 - file_cache is only supported with oauth2client<4.0.0
2026-04-23 14:20:03,026 - Email: Commande leads - Saviva energie - 150 leads
2026-04-23 14:27:02,638 - Commande: Saviva energie 50
2026-04-23 14:27:02,735 - file_cache is only supported with oauth2client<4.0.0
2026-04-23 14:27:03,048 - file_cache is only supported with oauth2client<4.0.0
2026-04-23 14:27:03,715 - Email: Commande leads - Saviva energie - 50 leads
2026-04-23 14:49:03,953 - Commande: ZHM BUSINESS 700
2026-04-23 14:49:04,049 - file_cache is only supported with oauth2client<4.0.0
2026-04-23 14:49:04,050 - file_cache is only supported with oauth2client<4.0.0
2026-04-23 14:49:04,863 - Email: Commande leads - ZHM BUSINESS - 700 leads
2026-04-23 16:41:57,877 - Commande: ARTHUR 150
2026-04-23 16:41:57,976 - file_cache is only supported with oauth2client<4.0.0
2026-04-23 16:41:58,379 - file_cache is only supported with oauth2client<4.0.0
2026-04-23 16:41:58,972 - Email: Commande leads - ARTHUR - 150 leads
2026-04-23 16:42:27,908 - Commande: ARTHUR 150
2026-04-23 16:42:28,005 - file_cache is only supported with oauth2client<4.0.0
2026-04-23 16:42:28,005 - file_cache is only supported with oauth2client<4.0.0
2026-04-23 16:42:28,803 - Email: Commande leads - ARTHUR - 150 leads
2026-04-23 16:43:27,967 - Commande: ARTHUR 150
2026-04-23 16:43:28,059 - file_cache is only supported with oauth2client<4.0.0
2026-04-23 16:43:28,060 - file_cache is only supported with oauth2client<4.0.0
2026-04-23 16:43:28,715 - Email: Commande leads - ARTHUR - 150 leads
2026-04-23 16:44:28,024 - Commande: ARTHUR 80
2026-04-23 16:44:28,119 - file_cache is only supported with oauth2client<4.0.0
2026-04-23 16:44:28,119 - file_cache is only supported with oauth2client<4.0.0
2026-04-23 16:44:28,896 - Email: Commande leads - ARTHUR - 80 leads
2026-04-23 16:44:58,051 - Commande: ARTHUR 80
2026-04-23 16:44:58,145 - file_cache is only supported with oauth2client<4.0.0
2026-04-23 16:44:58,145 - file_cache is only supported with oauth2client<4.0.0
2026-04-23 16:44:58,965 - Email: Commande leads - ARTHUR - 80 leads
2026-04-23 16:47:28,191 - Commande: KB conseil 200
2026-04-23 16:47:28,289 - file_cache is only supported with oauth2client<4.0.0
2026-04-23 16:47:28,290 - file_cache is only supported with oauth2client<4.0.0
2026-04-23 16:47:28,902 - Email: Commande leads - KB conseil - 200 leads
2026-04-23 17:03:24,002 - Commande: MT CONSEIL 250
2026-04-23 17:03:24,103 - file_cache is only supported with oauth2client<4.0.0
2026-04-23 17:03:24,103 - file_cache is only supported with oauth2client<4.0.0
2026-04-23 17:03:27,254 - Email: Commande leads - MT CONSEIL - 250 leads
2026-04-23 17:04:15,599 - Commande: LUNA 400
2026-04-23 17:04:15,699 - file_cache is only supported with oauth2client<4.0.0
2026-04-23 17:04:15,699 - file_cache is only supported with oauth2client<4.0.0
2026-04-23 17:04:16,372 - Email: Commande leads - LUNA - 400 leads
2026-04-23 17:11:25,996 - Commande: LEV CONSEIL 150
2026-04-23 17:11:26,095 - file_cache is only supported with oauth2client<4.0.0
2026-04-23 17:11:26,096 - file_cache is only supported with oauth2client<4.0.0
2026-04-23 17:11:26,858 - Email: Commande leads - LEV CONSEIL - 150 leads
2026-04-23 17:14:26,161 - Commande: KY 100
2026-04-23 17:14:26,256 - file_cache is only supported with oauth2client<4.0.0
2026-04-23 17:14:26,256 - file_cache is only supported with oauth2client<4.0.0
2026-04-23 17:14:26,975 - Email: Commande leads - KY - 100 leads
2026-04-23 17:18:26,380 - Commande: GLC TAMAR 400
2026-04-23 17:18:26,494 - file_cache is only supported with oauth2client<4.0.0
2026-04-23 17:18:26,495 - file_cache is only supported with oauth2client<4.0.0
2026-04-23 17:18:27,536 - Email: Commande leads - GLC TAMAR - 400 leads
2026-04-23 17:23:59,667 - Commande: MIJ MORGANE 50
2026-04-23 17:23:59,769 - file_cache is only supported with oauth2client<4.0.0
2026-04-23 17:23:59,769 - file_cache is only supported with oauth2client<4.0.0
2026-04-23 17:24:00,510 - Email: Commande leads - MIJ MORGANE - 50 leads
2026-04-23 17:25:52,244 - Commande: MORGANE MIJ 50
2026-04-23 17:25:52,340 - file_cache is only supported with oauth2client<4.0.0
2026-04-23 17:25:52,340 - file_cache is only supported with oauth2client<4.0.0
2026-04-23 17:25:53,025 - Email: Commande leads - MORGANE MIJ - 50 leads
2026-04-23 17:42:53,195 - Commande: INNOLI 400
2026-04-23 17:42:53,298 - file_cache is only supported with oauth2client<4.0.0
2026-04-23 17:42:53,635 - file_cache is only supported with oauth2client<4.0.0
2026-04-23 17:42:54,179 - Email: Commande leads - INNOLI - 400 leads
2026-04-23 17:48:36,380 - Commande: As conseil 100
2026-04-23 17:48:36,484 - file_cache is only supported with oauth2client<4.0.0
2026-04-23 17:48:36,485 - file_cache is only supported with oauth2client<4.0.0
2026-04-23 17:48:37,399 - Email: Commande leads - As conseil - 100 leads
2026-04-23 18:09:14,452 - Commande: GEF GAD 400
2026-04-23 18:09:14,553 - file_cache is only supported with oauth2client<4.0.0
2026-04-23 18:09:14,553 - file_cache is only supported with oauth2client<4.0.0
2026-04-23 18:09:15,177 - Email: Commande leads - GEF GAD - 400 leads
2026-04-23 18:17:24,969 - Commande: HC ENERGIE 50
2026-04-23 18:17:25,068 - file_cache is only supported with oauth2client<4.0.0
2026-04-23 18:17:25,069 - file_cache is only supported with oauth2client<4.0.0
2026-04-23 18:17:25,816 - Email: Commande leads - HC ENERGIE - 50 leads
2026-04-23 18:18:25,032 - Commande: As conseil 100
2026-04-23 18:18:25,129 - file_cache is only supported with oauth2client<4.0.0
2026-04-23 18:18:25,132 - file_cache is only supported with oauth2client<4.0.0
2026-04-23 18:18:25,750 - Email: Commande leads - As conseil - 100 leads
2026-04-23 18:20:05,139 - Commande: A&C SOLUTION 150
2026-04-23 18:20:05,243 - file_cache is only supported with oauth2client<4.0.0
2026-04-23 18:20:05,243 - file_cache is only supported with oauth2client<4.0.0
2026-04-23 18:20:05,907 - Email: Commande leads - A&C SOLUTION - 150 leads
2026-04-23 18:20:15,149 - Commande: HC ENERGIE 50
2026-04-23 18:20:15,249 - file_cache is only supported with oauth2client<4.0.0
2026-04-23 18:20:15,250 - file_cache is only supported with oauth2client<4.0.0
2026-04-23 18:20:16,073 - Email: Commande leads - HC ENERGIE - 50 leads
2026-04-23 18:41:27,150 - Commande: GLOBE ENERGY SHANONE 250
2026-04-23 18:41:27,251 - file_cache is only supported with oauth2client<4.0.0
2026-04-23 18:41:28,111 - file_cache is only supported with oauth2client<4.0.0
2026-04-23 18:41:29,258 - Email: Commande leads - GLOBE ENERGY SHANONE - 250 leads
2026-04-23 18:43:57,298 - Commande: charles 100
2026-04-23 18:43:57,393 - file_cache is only supported with oauth2client<4.0.0
2026-04-23 18:43:57,394 - file_cache is only supported with oauth2client<4.0.0
2026-04-23 18:43:58,702 - Email: Commande leads - charles - 100 leads
2026-04-23 19:06:02,154 - Commande: ysac partner 100
2026-04-23 19:06:02,252 - file_cache is only supported with oauth2client<4.0.0
2026-04-23 19:06:02,253 - file_cache is only supported with oauth2client<4.0.0
2026-04-23 19:06:03,034 - Email: Commande leads - ysac partner - 100 leads
2026-04-23 19:10:12,374 - Commande: groupe ya 150
2026-04-23 19:10:12,478 - file_cache is only supported with oauth2client<4.0.0
2026-04-23 19:10:12,479 - file_cache is only supported with oauth2client<4.0.0
2026-04-23 19:10:13,263 - Email: Commande leads - groupe ya - 150 leads
2026-04-23 19:51:44,154 - Commande: Valeos 100
2026-04-23 19:51:44,252 - file_cache is only supported with oauth2client<4.0.0
2026-04-23 19:51:44,586 - file_cache is only supported with oauth2client<4.0.0
2026-04-23 19:51:45,278 - Email: Commande leads - Valeos - 100 leads
2026-04-23 23:32:54,040 - Commande: JDLN 100
2026-04-23 23:32:54,141 - file_cache is only supported with oauth2client<4.0.0
2026-04-23 23:32:54,480 - file_cache is only supported with oauth2client<4.0.0
2026-04-23 23:32:55,145 - Email: Commande leads - JDLN - 100 leads
2026-04-24 14:08:46,258 - Commande: A2e 300
2026-04-24 14:08:46,370 - file_cache is only supported with oauth2client<4.0.0
2026-04-24 14:08:46,752 - file_cache is only supported with oauth2client<4.0.0
2026-04-24 14:08:47,457 - Email: Commande leads - A2e - 300 leads
2026-04-24 14:14:16,604 - Commande: Greg 50
2026-04-24 14:14:16,700 - file_cache is only supported with oauth2client<4.0.0
2026-04-24 14:14:16,701 - file_cache is only supported with oauth2client<4.0.0
2026-04-24 14:14:17,453 - Email: Commande leads - Greg - 50 leads
2026-04-24 15:46:22,529 - Commande: BIRKAT HM PARTNERS 100
2026-04-24 15:46:22,636 - file_cache is only supported with oauth2client<4.0.0
2026-04-24 15:46:22,958 - file_cache is only supported with oauth2client<4.0.0
2026-04-24 15:46:23,650 - Email: Commande leads - BIRKAT HM PARTNERS - 100 leads
2026-04-24 16:31:25,363 - Commande: MIJ 50
2026-04-24 16:31:25,461 - file_cache is only supported with oauth2client<4.0.0
2026-04-24 16:31:25,461 - file_cache is only supported with oauth2client<4.0.0
2026-04-24 16:31:26,258 - Email: Commande leads - MIJ - 50 leads
2026-04-30 11:52:49,167 - Commande: ARTHUR 150
2026-04-30 11:52:50,438 - file_cache is only supported with oauth2client<4.0.0
2026-04-30 11:53:49,223 - Commande: ARTHUR 100
2026-04-30 11:53:49,341 - file_cache is only supported with oauth2client<4.0.0
2026-04-30 11:54:05,782 - file_cache is only supported with oauth2client<4.0.0
2026-04-30 11:55:04,612 - file_cache is only supported with oauth2client<4.0.0
2026-04-30 11:55:05,815 - Email error: timed out
2026-04-30 11:56:04,630 - Email error: timed out
2026-04-30 12:25:50,805 - Commande: DLZT 70
2026-04-30 12:25:50,905 - file_cache is only supported with oauth2client<4.0.0
2026-04-30 12:25:50,906 - file_cache is only supported with oauth2client<4.0.0
2026-04-30 12:26:50,976 - Email error: timed out
2026-04-30 14:22:13,952 - Commande: MT CONSEIL 250
2026-04-30 14:22:14,091 - file_cache is only supported with oauth2client<4.0.0
2026-04-30 14:22:14,530 - file_cache is only supported with oauth2client<4.0.0
2026-04-30 14:22:15,352 - Email: Commande leads - MT CONSEIL - 250 leads
2026-04-30 14:41:21,213 - Please visit this URL to authorize this application: https://accounts.google.com/o/oauth2/auth?response_type=code&client_id=258686679185-8tc8fs61s1b12qambqedkisq3t77jn0m.apps.googleusercontent.com&redirect_uri=http%3A%2F%2Flocalhost%3A62112%2F&scope=https%3A%2F%2Fwww.googleapis.com%2Fauth%2Fgmail.send+https%3A%2F%2Fwww.googleapis.com%2Fauth%2Fgmail.readonly&state=rikeeJYHgrbeC2yngP6wfkObxYRV1G&code_challenge=z2Tv5AaueMyENS56Mt6-bRkltSuFZ16kKOxZ3mJdNjE&code_challenge_method=S256&access_type=offline
2026-04-30 14:41:26,132 - "GET /?state=rikeeJYHgrbeC2yngP6wfkObxYRV1G&iss=https://accounts.google.com&code=4/0AeoWuM-swxCyDJTuhH58B6ARR3qgpjvYgXIts7sc_fedhTf7mn65uwu7clhOFVIT8WQoIw&scope=https://www.googleapis.com/auth/gmail.readonly%20https://www.googleapis.com/auth/gmail.send HTTP/1.1" 200 65
2026-04-30 14:41:26,439 - file_cache is only supported with oauth2client<4.0.0
2026-04-30 15:50:38,432 - Commande: lenny 350
2026-04-30 15:50:38,768 - file_cache is only supported with oauth2client<4.0.0
2026-04-30 15:50:39,160 - file_cache is only supported with oauth2client<4.0.0
2026-04-30 15:50:39,807 - Email: Commande leads - lenny - 350 leads
2026-04-30 15:54:38,602 - Commande: LENNY 100
2026-04-30 15:54:38,699 - file_cache is only supported with oauth2client<4.0.0
2026-04-30 15:54:38,699 - file_cache is only supported with oauth2client<4.0.0
2026-04-30 15:54:39,484 - Email: Commande leads - LENNY - 100 leads
2026-04-30 16:00:38,941 - Commande: GEF 400
2026-04-30 16:00:39,041 - file_cache is only supported with oauth2client<4.0.0
2026-04-30 16:00:39,042 - file_cache is only supported with oauth2client<4.0.0
2026-04-30 16:00:40,811 - Email: Commande leads - GEF - 400 leads
2026-04-30 16:24:10,286 - Commande: ZHM BUSINESS 500
2026-04-30 16:24:10,392 - file_cache is only supported with oauth2client<4.0.0
2026-04-30 16:24:10,393 - file_cache is only supported with oauth2client<4.0.0
2026-04-30 16:24:11,176 - Email: Commande leads - ZHM BUSINESS - 500 leads
2026-04-30 16:30:53,515 - Commande: ZHM business 200
2026-04-30 16:30:53,614 - file_cache is only supported with oauth2client<4.0.0
2026-04-30 16:30:53,617 - file_cache is only supported with oauth2client<4.0.0
2026-04-30 16:30:54,477 - Email: Commande leads - ZHM business - 200 leads
2026-04-30 17:22:28,709 - Commande: DB INVEST 400
2026-04-30 17:22:29,053 - file_cache is only supported with oauth2client<4.0.0
2026-04-30 17:22:29,631 - file_cache is only supported with oauth2client<4.0.0
2026-04-30 17:22:30,499 - Email: Commande leads - DB INVEST - 400 leads
2026-04-30 17:22:41,866 - Commande: DB INVEST 400
2026-04-30 17:22:42,131 - file_cache is only supported with oauth2client<4.0.0
2026-04-30 17:22:42,132 - file_cache is only supported with oauth2client<4.0.0
2026-04-30 17:22:42,863 - Email: Commande leads - DB INVEST - 400 leads
2026-04-30 17:30:06,007 - Commande: GAD CONSULTING 100
2026-04-30 17:30:06,311 - file_cache is only supported with oauth2client<4.0.0
2026-04-30 17:30:06,311 - file_cache is only supported with oauth2client<4.0.0
2026-04-30 17:30:07,074 - Email: Commande leads - GAD CONSULTING - 100 leads
2026-04-30 17:31:06,047 - Commande: GAD CONSULTING 100
2026-04-30 17:31:06,144 - file_cache is only supported with oauth2client<4.0.0
2026-04-30 17:31:06,145 - file_cache is only supported with oauth2client<4.0.0
2026-04-30 17:31:06,822 - Email: Commande leads - GAD CONSULTING - 100 leads
2026-04-30 17:33:06,136 - Commande: GAD CONSULTING 150
2026-04-30 17:33:06,251 - file_cache is only supported with oauth2client<4.0.0
2026-04-30 17:33:06,252 - file_cache is only supported with oauth2client<4.0.0
2026-04-30 17:33:07,184 - Email: Commande leads - GAD CONSULTING - 150 leads
2026-04-30 17:35:36,312 - Commande: ACL GESTION 150
2026-04-30 17:35:36,607 - file_cache is only supported with oauth2client<4.0.0
2026-04-30 17:35:37,182 - Email: Commande leads - ACL GESTION - 150 leads
2026-04-30 17:44:45,614 - Commande: LUNA 400
2026-04-30 17:44:45,910 - file_cache is only supported with oauth2client<4.0.0
2026-04-30 17:44:46,119 - file_cache is only supported with oauth2client<4.0.0
2026-04-30 17:44:46,822 - Email: Commande leads - LUNA - 400 leads
2026-04-30 18:05:15,504 - Commande: Yona 130
2026-04-30 18:05:15,609 - file_cache is only supported with oauth2client<4.0.0
2026-04-30 18:05:15,609 - file_cache is only supported with oauth2client<4.0.0
2026-04-30 18:05:17,197 - Email: Commande leads - Yona - 130 leads
2026-04-30 18:05:30,009 - Commande: GLOBE ENERGY SHANONE 250
2026-04-30 18:05:30,108 - file_cache is only supported with oauth2client<4.0.0
2026-04-30 18:05:30,108 - file_cache is only supported with oauth2client<4.0.0
2026-04-30 18:05:31,048 - Email: Commande leads - GLOBE ENERGY SHANONE - 250 leads
2026-04-30 18:06:52,970 - Commande: MIJ 50
2026-04-30 18:06:53,267 - file_cache is only supported with oauth2client<4.0.0
2026-04-30 18:06:53,466 - file_cache is only supported with oauth2client<4.0.0
2026-04-30 18:06:54,237 - Email: Commande leads - MIJ - 50 leads
2026-04-30 18:12:16,177 - Commande: GLOBE ENERGY SHANONE 350
2026-04-30 18:12:16,456 - file_cache is only supported with oauth2client<4.0.0
2026-04-30 18:12:16,639 - file_cache is only supported with oauth2client<4.0.0
2026-04-30 18:12:17,602 - Email: Commande leads - GLOBE ENERGY SHANONE - 350 leads
2026-04-30 18:21:00,544 - Commande: Saviva energie 150
2026-04-30 18:21:00,660 - file_cache is only supported with oauth2client<4.0.0
2026-04-30 18:21:02,096 - file_cache is only supported with oauth2client<4.0.0
2026-04-30 18:21:03,178 - Email: Commande leads - Saviva energie - 150 leads
2026-04-30 18:22:00,628 - Commande: Saviva energie 100
2026-04-30 18:22:00,742 - file_cache is only supported with oauth2client<4.0.0
2026-04-30 18:22:00,743 - file_cache is only supported with oauth2client<4.0.0
2026-04-30 18:22:01,598 - Email: Commande leads - Saviva energie - 100 leads
2026-04-30 18:23:26,161 - Commande: Saconseil 200
2026-04-30 18:23:26,291 - file_cache is only supported with oauth2client<4.0.0
2026-04-30 18:23:26,292 - file_cache is only supported with oauth2client<4.0.0
2026-04-30 18:23:27,069 - Email: Commande leads - Saconseil - 200 leads
2026-04-30 18:23:48,830 - Commande: GLC TAMAR 400
2026-04-30 18:23:48,938 - file_cache is only supported with oauth2client<4.0.0
2026-04-30 18:23:48,939 - file_cache is only supported with oauth2client<4.0.0
2026-04-30 18:23:49,635 - Email: Commande leads - GLC TAMAR - 400 leads
2026-04-30 18:25:12,848 - Commande: SUNNY 2 200
2026-04-30 18:25:12,952 - file_cache is only supported with oauth2client<4.0.0
2026-04-30 18:25:12,952 - file_cache is only supported with oauth2client<4.0.0
2026-04-30 18:25:13,723 - Email: Commande leads - SUNNY 2 - 200 leads
2026-04-30 18:25:22,864 - Commande: SUNNY 1 300
2026-04-30 18:25:22,976 - file_cache is only supported with oauth2client<4.0.0
2026-04-30 18:25:22,977 - file_cache is only supported with oauth2client<4.0.0
2026-04-30 18:25:23,732 - Email: Commande leads - SUNNY 1 - 300 leads
2026-04-30 18:40:59,691 - Commande: Groupe ya 200
2026-04-30 18:40:59,796 - file_cache is only supported with oauth2client<4.0.0
2026-04-30 18:40:59,796 - file_cache is only supported with oauth2client<4.0.0
2026-04-30 18:41:00,500 - Email: Commande leads - Groupe ya - 200 leads
2026-04-30 18:41:09,704 - Commande: TEST 200
2026-04-30 18:41:09,803 - file_cache is only supported with oauth2client<4.0.0
2026-04-30 18:41:09,804 - file_cache is only supported with oauth2client<4.0.0
2026-04-30 18:41:10,858 - Email: Commande leads - TEST - 200 leads
2026-04-30 18:54:51,401 - Commande: Anr consulting 100
2026-04-30 18:54:51,502 - file_cache is only supported with oauth2client<4.0.0
2026-04-30 18:54:51,503 - file_cache is only supported with oauth2client<4.0.0
2026-04-30 18:54:52,227 - Email: Commande leads - Anr consulting - 100 leads
2026-04-30 18:55:01,412 - Commande: Anr consulting 50
2026-04-30 18:55:01,516 - file_cache is only supported with oauth2client<4.0.0
2026-04-30 18:55:01,518 - file_cache is only supported with oauth2client<4.0.0
2026-04-30 18:55:02,571 - Email: Commande leads - Anr consulting - 50 leads
2026-04-30 18:55:11,423 - Commande: Anr consulting 100
2026-04-30 18:55:11,526 - file_cache is only supported with oauth2client<4.0.0
2026-04-30 18:55:11,527 - file_cache is only supported with oauth2client<4.0.0
2026-04-30 18:55:12,230 - Email: Commande leads - Anr consulting - 100 leads
2026-04-30 18:55:21,436 - Commande: Anr consulting 100
2026-04-30 18:55:21,531 - file_cache is only supported with oauth2client<4.0.0
2026-04-30 18:55:21,533 - file_cache is only supported with oauth2client<4.0.0
2026-04-30 18:55:22,296 - Email: Commande leads - Anr consulting - 100 leads
2026-04-30 18:56:35,248 - Commande: ANR 250
2026-04-30 18:56:35,344 - file_cache is only supported with oauth2client<4.0.0
2026-04-30 18:56:35,345 - file_cache is only supported with oauth2client<4.0.0
2026-04-30 18:56:36,123 - Email: Commande leads - ANR - 250 leads
2026-04-30 18:58:00,840 - Commande: INNOLI 80
2026-04-30 18:58:00,936 - file_cache is only supported with oauth2client<4.0.0
2026-04-30 18:58:00,937 - file_cache is only supported with oauth2client<4.0.0
2026-04-30 18:58:01,661 - Email: Commande leads - INNOLI - 80 leads
2026-04-30 18:58:30,874 - Commande: INNOLI 30
2026-04-30 18:58:30,970 - file_cache is only supported with oauth2client<4.0.0
2026-04-30 18:58:30,970 - file_cache is only supported with oauth2client<4.0.0
2026-04-30 18:58:31,752 - Email: Commande leads - INNOLI - 30 leads
2026-04-30 19:21:54,952 - Commande: innoli 40
2026-04-30 19:21:55,056 - file_cache is only supported with oauth2client<4.0.0
2026-04-30 19:21:55,381 - file_cache is only supported with oauth2client<4.0.0
2026-04-30 19:21:55,928 - Email: Commande leads - innoli - 40 leads
2026-04-30 19:22:55,013 - Commande: Renovea 50
2026-04-30 19:22:55,114 - file_cache is only supported with oauth2client<4.0.0
2026-04-30 19:22:55,115 - file_cache is only supported with oauth2client<4.0.0
2026-04-30 19:22:55,746 - Email: Commande leads - Renovea - 50 leads
2026-04-30 19:23:25,036 - Commande: INNOLI 100
2026-04-30 19:23:25,134 - file_cache is only supported with oauth2client<4.0.0
2026-04-30 19:23:25,136 - file_cache is only supported with oauth2client<4.0.0
2026-04-30 19:23:25,840 - Email: Commande leads - INNOLI - 100 leads
2026-04-30 19:23:35,048 - Commande: INNOLI 20
2026-04-30 19:23:35,146 - file_cache is only supported with oauth2client<4.0.0
2026-04-30 19:23:35,148 - file_cache is only supported with oauth2client<4.0.0
2026-04-30 19:23:35,824 - Email: Commande leads - INNOLI - 20 leads
2026-04-30 19:24:25,094 - Commande: INNOLI 40
2026-04-30 19:24:25,194 - file_cache is only supported with oauth2client<4.0.0
2026-04-30 19:24:25,194 - file_cache is only supported with oauth2client<4.0.0
2026-04-30 19:24:25,807 - Email: Commande leads - INNOLI - 40 leads
2026-04-30 19:26:00,080 - Commande: CHARLES 50
2026-04-30 19:26:00,178 - file_cache is only supported with oauth2client<4.0.0
2026-04-30 19:26:00,178 - file_cache is only supported with oauth2client<4.0.0
2026-04-30 19:26:01,584 - Email: Commande leads - CHARLES - 50 leads
2026-04-30 19:27:00,149 - Commande: CHARLES 50
2026-04-30 19:27:00,248 - file_cache is only supported with oauth2client<4.0.0
2026-04-30 19:27:00,249 - file_cache is only supported with oauth2client<4.0.0
2026-04-30 19:27:00,981 - Email: Commande leads - CHARLES - 50 leads
2026-04-30 20:48:05,370 - Commande: A&C solutions 120
2026-04-30 20:48:05,466 - file_cache is only supported with oauth2client<4.0.0
2026-04-30 20:48:05,789 - file_cache is only supported with oauth2client<4.0.0
2026-04-30 20:48:06,471 - Email: Commande leads - A&C solutions - 120 leads
2026-05-01 03:38:32,199 - Commande: ICO CONSEILS 100
2026-05-01 03:38:32,310 - file_cache is only supported with oauth2client<4.0.0
2026-05-01 03:38:32,647 - file_cache is only supported with oauth2client<4.0.0
2026-05-01 03:38:33,263 - Email: Commande leads - ICO CONSEILS - 100 leads
2026-05-01 10:14:03,405 - Commande: LEV CONSEIL 100
2026-05-01 10:14:03,516 - file_cache is only supported with oauth2client<4.0.0
2026-05-01 10:14:03,866 - file_cache is only supported with oauth2client<4.0.0
2026-05-01 10:14:04,537 - Email: Commande leads - LEV CONSEIL - 100 leads
2026-05-01 10:14:29,034 - Commande: JDLN 100
2026-05-01 10:14:29,134 - file_cache is only supported with oauth2client<4.0.0
2026-05-01 10:14:29,137 - file_cache is only supported with oauth2client<4.0.0
2026-05-01 10:14:29,839 - Email: Commande leads - JDLN - 100 leads
2026-05-01 10:15:05,273 - Commande: Ahm 2 60
2026-05-01 10:15:05,370 - file_cache is only supported with oauth2client<4.0.0
2026-05-01 10:15:05,371 - file_cache is only supported with oauth2client<4.0.0
2026-05-01 10:15:06,084 - Email: Commande leads - Ahm 2 - 60 leads
2026-05-01 10:15:15,283 - Commande: Ahm 60
2026-05-01 10:15:15,380 - file_cache is only supported with oauth2client<4.0.0
2026-05-01 10:15:15,381 - file_cache is only supported with oauth2client<4.0.0
2026-05-01 10:15:15,956 - Email: Commande leads - Ahm - 60 leads
2026-05-01 10:15:45,275 - Commande: AS CONSEIL 140
2026-05-01 10:15:45,373 - file_cache is only supported with oauth2client<4.0.0
2026-05-01 10:15:45,376 - file_cache is only supported with oauth2client<4.0.0
2026-05-01 10:15:45,945 - Email: Commande leads - AS CONSEIL - 140 leads
2026-05-01 10:17:19,912 - Commande: As conseil 140
2026-05-01 10:17:20,018 - file_cache is only supported with oauth2client<4.0.0
2026-05-01 10:17:20,021 - file_cache is only supported with oauth2client<4.0.0
2026-05-01 10:17:20,713 - Email: Commande leads - As conseil - 140 leads
2026-05-01 11:48:15,676 - Commande: ethyair 50
2026-05-01 11:48:15,795 - file_cache is only supported with oauth2client<4.0.0
2026-05-01 11:48:16,122 - file_cache is only supported with oauth2client<4.0.0
2026-05-01 11:48:16,657 - Email: Commande leads - ethyair - 50 leads
2026-05-01 11:49:03,201 - Commande: KY 100
2026-05-01 11:49:03,299 - file_cache is only supported with oauth2client<4.0.0
2026-05-01 11:49:03,319 - file_cache is only supported with oauth2client<4.0.0
2026-05-01 11:49:04,066 - Email: Commande leads - KY - 100 leads
2026-05-01 11:49:15,745 - Commande: ysac partner 100
2026-05-01 11:49:15,845 - file_cache is only supported with oauth2client<4.0.0
2026-05-01 11:49:15,848 - file_cache is only supported with oauth2client<4.0.0
2026-05-01 11:49:16,481 - Email: Commande leads - ysac partner - 100 leads
2026-05-01 12:13:02,388 - Commande: KB conseil 100
2026-05-01 12:13:02,485 - file_cache is only supported with oauth2client<4.0.0
2026-05-01 12:13:02,487 - file_cache is only supported with oauth2client<4.0.0
2026-05-01 12:13:03,111 - Email: Commande leads - KB conseil - 100 leads
2026-05-01 12:37:33,290 - Commande: Valeos 150
2026-05-01 12:37:33,394 - file_cache is only supported with oauth2client<4.0.0
2026-05-01 12:37:33,401 - file_cache is only supported with oauth2client<4.0.0
2026-05-01 12:37:34,020 - Email: Commande leads - Valeos - 150 leads
2026-05-01 19:11:04,465 - Commande: MIJ 50
2026-05-01 19:11:04,569 - file_cache is only supported with oauth2client<4.0.0
2026-05-01 19:11:04,883 - file_cache is only supported with oauth2client<4.0.0
2026-05-01 19:11:05,611 - Email: Commande leads - MIJ - 50 leads
2026-05-07 12:41:30,542 - Commande: GAD CONSULTING 100
2026-05-07 12:41:31,354 - file_cache is only supported with oauth2client<4.0.0
2026-05-07 12:41:32,327 - Email: Commande leads - GAD CONSULTING - 100 leads
2026-05-07 12:42:30,603 - Commande: GAD CONSULTING 150
2026-05-07 12:42:30,724 - file_cache is only supported with oauth2client<4.0.0
2026-05-07 12:42:31,390 - Email: Commande leads - GAD CONSULTING - 150 leads
2026-05-07 12:43:30,660 - Commande: GAD CONSULTING 140
2026-05-07 12:43:30,771 - file_cache is only supported with oauth2client<4.0.0
2026-05-07 12:43:31,532 - Email: Commande leads - GAD CONSULTING - 140 leads
2026-05-07 13:01:01,605 - Commande: BL CONSEIL 300
2026-05-07 13:01:01,724 - file_cache is only supported with oauth2client<4.0.0
2026-05-07 13:01:02,495 - Email: Commande leads - BL CONSEIL - 300 leads
2026-05-07 13:02:23,918 - Commande: LENNY 100
2026-05-07 13:02:24,022 - file_cache is only supported with oauth2client<4.0.0
2026-05-07 13:02:24,699 - Email: Commande leads - LENNY - 100 leads
2026-05-07 13:03:14,703 - Commande: LUNA 400
2026-05-07 13:03:14,807 - file_cache is only supported with oauth2client<4.0.0
2026-05-07 13:03:16,662 - Email: Commande leads - LUNA - 400 leads
2026-05-07 13:17:25,421 - Commande: Sw conseils 150
2026-05-07 13:17:25,523 - file_cache is only supported with oauth2client<4.0.0
2026-05-07 13:17:26,366 - Email: Commande leads - Sw conseils - 150 leads
2026-05-07 13:35:26,403 - Commande: ZHM BUSINESS 800
2026-05-07 13:35:26,523 - file_cache is only supported with oauth2client<4.0.0
2026-05-07 13:35:27,143 - Email: Commande leads - ZHM BUSINESS - 800 leads
2026-05-07 14:34:36,636 - Commande: Saconseil 200
2026-05-07 14:34:37,114 - file_cache is only supported with oauth2client<4.0.0
2026-05-07 14:34:37,822 - Email: Commande leads - Saconseil - 200 leads
2026-05-07 15:50:47,799 - Commande: GEF 400
2026-05-07 15:50:48,336 - file_cache is only supported with oauth2client<4.0.0
2026-05-07 15:50:49,033 - Email: Commande leads - GEF - 400 leads
2026-05-07 16:32:28,050 - Commande: A2e 300
2026-05-07 16:32:28,176 - file_cache is only supported with oauth2client<4.0.0
2026-05-07 16:32:29,867 - Email: Commande leads - A2e - 300 leads
2026-05-07 16:40:18,598 - Commande: SAVIVA ENERGIE 150
2026-05-07 16:40:18,697 - file_cache is only supported with oauth2client<4.0.0
2026-05-07 16:40:19,497 - Email: Commande leads - SAVIVA ENERGIE - 150 leads
2026-05-07 16:41:18,661 - Commande: SAVIVA ENERGIE 100
2026-05-07 16:41:18,756 - file_cache is only supported with oauth2client<4.0.0
2026-05-07 16:41:19,505 - Email: Commande leads - SAVIVA ENERGIE - 100 leads
2026-05-07 16:58:26,060 - Commande: GLC TAMAR 400
2026-05-07 16:58:26,472 - file_cache is only supported with oauth2client<4.0.0
2026-05-07 16:58:27,088 - Email: Commande leads - GLC TAMAR - 400 leads
2026-05-07 17:09:06,902 - Commande: AZ PARTNER 150
2026-05-07 17:09:07,006 - file_cache is only supported with oauth2client<4.0.0
2026-05-07 17:09:07,660 - Email: Commande leads - AZ PARTNER - 150 leads
2026-05-07 17:26:07,503 - Commande: Groupe ya 200
2026-05-07 17:26:07,629 - file_cache is only supported with oauth2client<4.0.0
2026-05-07 17:26:08,678 - Email: Commande leads - Groupe ya - 200 leads
2026-05-07 17:26:37,569 - Commande: Groupe ya 200
2026-05-07 17:26:37,685 - file_cache is only supported with oauth2client<4.0.0
2026-05-07 17:26:38,413 - Email: Commande leads - Groupe ya - 200 leads
2026-05-07 17:33:49,575 - Commande: Db INVEST 400
2026-05-07 17:33:49,681 - file_cache is only supported with oauth2client<4.0.0
2026-05-07 17:33:50,292 - Email: Commande leads - Db INVEST - 400 leads
2026-05-07 17:38:42,852 - Commande: MT CONSEIL 200
2026-05-07 17:38:42,958 - file_cache is only supported with oauth2client<4.0.0
2026-05-07 17:38:43,742 - Email: Commande leads - MT CONSEIL - 200 leads
2026-05-07 17:49:07,908 - Commande: Yona 100
2026-05-07 17:49:08,011 - file_cache is only supported with oauth2client<4.0.0
2026-05-07 17:49:08,617 - Email: Commande leads - Yona - 100 leads
2026-05-07 17:50:45,238 - Commande: ACL GESTION 100
2026-05-07 17:50:45,341 - file_cache is only supported with oauth2client<4.0.0
2026-05-07 17:50:46,128 - Email: Commande leads - ACL GESTION - 100 leads
2026-05-07 17:53:06,585 - Commande: ACL GESTION 50
2026-05-07 17:53:06,693 - file_cache is only supported with oauth2client<4.0.0
2026-05-07 17:53:07,290 - Email: Commande leads - ACL GESTION - 50 leads
2026-05-07 17:55:35,253 - Commande: A&C solutions 150
2026-05-07 17:55:35,869 - file_cache is only supported with oauth2client<4.0.0
2026-05-07 17:55:36,484 - Email: Commande leads - A&C solutions - 150 leads
2026-05-07 18:12:35,984 - Commande: MIJ 50
2026-05-07 18:12:36,086 - file_cache is only supported with oauth2client<4.0.0
2026-05-07 18:12:36,776 - Email: Commande leads - MIJ - 50 leads
2026-05-07 18:23:39,220 - Commande: INNOLI 40
2026-05-07 18:23:39,325 - file_cache is only supported with oauth2client<4.0.0
2026-05-07 18:23:40,423 - Email: Commande leads - INNOLI - 40 leads
2026-05-07 18:23:49,234 - Commande: INNOLI 100
2026-05-07 18:23:49,342 - file_cache is only supported with oauth2client<4.0.0
2026-05-07 18:23:49,929 - Email: Commande leads - INNOLI - 100 leads
2026-05-07 18:23:59,248 - Commande: INNOLI 20
2026-05-07 18:23:59,349 - file_cache is only supported with oauth2client<4.0.0
2026-05-07 18:24:00,008 - Email: Commande leads - INNOLI - 20 leads
2026-05-07 18:24:09,256 - Commande: INNOLI 80
2026-05-07 18:24:09,356 - file_cache is only supported with oauth2client<4.0.0
2026-05-07 18:24:10,089 - Email: Commande leads - INNOLI - 80 leads
2026-05-07 18:24:19,278 - Commande: INNOLI 30
2026-05-07 18:24:19,375 - file_cache is only supported with oauth2client<4.0.0
2026-05-07 18:24:19,977 - Email: Commande leads - INNOLI - 30 leads
2026-05-07 18:34:16,348 - Commande: KY 150
2026-05-07 18:34:16,454 - file_cache is only supported with oauth2client<4.0.0
2026-05-07 18:34:17,133 - Email: Commande leads - KY - 150 leads
2026-05-07 18:48:27,565 - Commande: A&C solution 150
2026-05-07 18:48:27,682 - file_cache is only supported with oauth2client<4.0.0
2026-05-07 18:48:28,753 - Email: Commande leads - A&C solution - 150 leads
2026-05-07 19:09:17,330 - Commande: CHARLES 50
2026-05-07 19:09:17,760 - file_cache is only supported with oauth2client<4.0.0
2026-05-07 19:09:18,581 - Email: Commande leads - CHARLES - 50 leads
2026-05-07 19:09:27,344 - Commande: CHARLES 50
2026-05-07 19:09:27,446 - file_cache is only supported with oauth2client<4.0.0
2026-05-07 19:09:28,046 - Email: Commande leads - CHARLES - 50 leads
2026-05-07 19:10:37,434 - Commande: charles 20
2026-05-07 19:10:37,542 - file_cache is only supported with oauth2client<4.0.0
2026-05-07 19:10:38,201 - Email: Commande leads - charles - 20 leads
2026-05-07 19:16:18,042 - Commande: ARTHUR 100
2026-05-07 19:16:18,145 - file_cache is only supported with oauth2client<4.0.0
2026-05-07 19:16:18,911 - Email: Commande leads - ARTHUR - 100 leads
2026-05-07 19:18:18,192 - Commande: ARTHUR 150
2026-05-07 19:18:18,292 - file_cache is only supported with oauth2client<4.0.0
2026-05-07 19:18:19,187 - Email: Commande leads - ARTHUR - 150 leads
2026-05-07 19:19:18,254 - Commande: Yanova 180
2026-05-07 19:19:18,352 - file_cache is only supported with oauth2client<4.0.0
2026-05-07 19:19:19,103 - Email: Commande leads - Yanova - 180 leads
2026-05-07 19:19:28,271 - Commande: ARTHUR 150
2026-05-07 19:19:28,374 - file_cache is only supported with oauth2client<4.0.0
2026-05-07 19:19:29,057 - Email: Commande leads - ARTHUR - 150 leads
2026-05-07 21:51:28,890 - Commande: Art conseil 50
2026-05-07 21:51:35,459 - file_cache is only supported with oauth2client<4.0.0
2026-05-07 21:51:36,025 - Email: Commande leads - Art conseil - 50 leads
2026-05-07 21:57:55,297 - Commande: KB conseil 150
2026-05-07 21:57:55,402 - file_cache is only supported with oauth2client<4.0.0
2026-05-07 21:58:02,162 - Email: Commande leads - KB conseil - 150 leads
2026-05-07 22:30:37,632 - Commande: LB CONSULTING 50
2026-05-07 22:30:37,730 - file_cache is only supported with oauth2client<4.0.0
2026-05-07 22:30:38,382 - Email: Commande leads - LB CONSULTING - 50 leads
2026-05-08 11:27:55,003 - Commande: ed consulting 80
2026-05-08 11:27:55,435 - file_cache is only supported with oauth2client<4.0.0
2026-05-08 11:27:56,124 - Email: Commande leads - ed consulting - 80 leads
2026-05-08 11:28:10,510 - Commande: LEV CONSEIL 150
2026-05-08 11:28:10,611 - file_cache is only supported with oauth2client<4.0.0
2026-05-08 11:28:11,268 - Email: Commande leads - LEV CONSEIL - 150 leads
2026-05-08 11:28:20,523 - Commande: ysac partner 100
2026-05-08 11:28:20,628 - file_cache is only supported with oauth2client<4.0.0
2026-05-08 11:28:21,175 - Email: Commande leads - ysac partner - 100 leads
2026-05-08 11:28:30,531 - Commande: JDLN 100
2026-05-08 11:28:30,633 - file_cache is only supported with oauth2client<4.0.0
2026-05-08 11:28:31,301 - Email: Commande leads - JDLN - 100 leads
2026-05-08 11:28:40,544 - Commande: GLOBE ENERGY SHANONE 250
2026-05-08 11:28:40,647 - file_cache is only supported with oauth2client<4.0.0
2026-05-08 11:28:41,208 - Email: Commande leads - GLOBE ENERGY SHANONE - 250 leads
2026-05-08 16:35:14,398 - Commande: As conseil 180
2026-05-08 16:35:20,966 - file_cache is only supported with oauth2client<4.0.0
2026-05-08 16:35:21,557 - Email: Commande leads - As conseil - 180 leads
2026-05-10 21:33:39,220 - Commande: STERNA 200
2026-05-10 21:33:42,774 - file_cache is only supported with oauth2client<4.0.0
2026-05-10 21:33:43,302 - Email: Commande leads - STERNA - 200 leads
2026-05-10 21:39:20,751 - Commande: AZICO 150
2026-05-10 21:39:20,889 - file_cache is only supported with oauth2client<4.0.0
2026-05-10 21:39:21,444 - Email: Commande leads - AZICO - 150 leads
2026-05-10 21:39:32,420 - Commande: Valeos 100
2026-05-10 21:39:32,519 - file_cache is only supported with oauth2client<4.0.0
2026-05-10 21:39:33,130 - Email: Commande leads - Valeos - 100 leads
2026-05-14 11:14:33,118 - Commande: MT CONSEIL 100
2026-05-14 11:14:33,795 - file_cache is only supported with oauth2client<4.0.0
2026-05-14 11:14:34,550 - Email: Commande leads - MT CONSEIL - 100 leads
2026-05-14 11:22:25,930 - Commande: DMEVO CONSEIL 100
2026-05-14 11:22:26,035 - file_cache is only supported with oauth2client<4.0.0
2026-05-14 11:22:26,744 - Email: Commande leads - DMEVO CONSEIL - 100 leads
2026-05-14 11:38:36,471 - Commande: Saconseil 120
2026-05-14 11:38:36,576 - file_cache is only supported with oauth2client<4.0.0
2026-05-14 11:38:37,265 - Email: Commande leads - Saconseil - 120 leads
2026-05-14 11:39:50,408 - Commande: Saconseil 100
2026-05-14 11:39:50,511 - file_cache is only supported with oauth2client<4.0.0
2026-05-14 11:39:51,136 - Email: Commande leads - Saconseil - 100 leads
2026-05-14 13:39:32,230 - Commande: Saviva energie 150
2026-05-14 13:39:32,628 - file_cache is only supported with oauth2client<4.0.0
2026-05-14 13:39:33,247 - Email: Commande leads - Saviva energie - 150 leads
2026-05-14 13:40:21,252 - Commande: Saviva energie 100
2026-05-14 13:40:21,356 - file_cache is only supported with oauth2client<4.0.0
2026-05-14 13:40:22,448 - Email: Commande leads - Saviva energie - 100 leads
2026-05-14 14:05:12,377 - Commande: GLOBE ENERGY SHANONE 200
2026-05-14 14:05:12,482 - file_cache is only supported with oauth2client<4.0.0
2026-05-14 14:05:13,134 - Email: Commande leads - GLOBE ENERGY SHANONE - 200 leads
2026-05-14 14:05:23,435 - Commande: LUNA 400
2026-05-14 14:05:23,537 - file_cache is only supported with oauth2client<4.0.0
2026-05-14 14:05:24,042 - Email: Commande leads - LUNA - 400 leads
2026-05-14 14:05:34,368 - Commande: BL CONSEIL 300
2026-05-14 14:05:34,477 - file_cache is only supported with oauth2client<4.0.0
2026-05-14 14:05:34,968 - Email: Commande leads - BL CONSEIL - 300 leads
2026-05-14 14:05:44,379 - Commande: LENNY 100
2026-05-14 14:05:44,481 - file_cache is only supported with oauth2client<4.0.0
2026-05-14 14:05:45,072 - Email: Commande leads - LENNY - 100 leads
2026-05-14 15:13:27,941 - Commande: ARTHUR 150
2026-05-14 15:13:28,328 - file_cache is only supported with oauth2client<4.0.0
2026-05-14 15:13:28,977 - Email: Commande leads - ARTHUR - 150 leads
2026-05-14 15:14:58,012 - Commande: ARTHUR 150
2026-05-14 15:14:58,109 - file_cache is only supported with oauth2client<4.0.0
2026-05-14 15:14:58,750 - Email: Commande leads - ARTHUR - 150 leads
2026-05-14 15:16:28,087 - Commande: ARTHUR 100
2026-05-14 15:16:28,186 - file_cache is only supported with oauth2client<4.0.0
2026-05-14 15:16:28,833 - Email: Commande leads - ARTHUR - 100 leads
2026-05-14 15:39:59,252 - Commande: Dovinov 100
2026-05-14 15:39:59,353 - file_cache is only supported with oauth2client<4.0.0
2026-05-14 15:40:00,002 - Email: Commande leads - Dovinov - 100 leads
2026-05-14 16:01:36,530 - Commande: KY 150
2026-05-14 16:01:36,634 - file_cache is only supported with oauth2client<4.0.0
2026-05-14 16:01:37,289 - Email: Commande leads - KY - 150 leads
2026-05-14 16:02:42,184 - Commande: GLC TAMAR 400
2026-05-14 16:02:42,286 - file_cache is only supported with oauth2client<4.0.0
2026-05-14 16:02:42,971 - Email: Commande leads - GLC TAMAR - 400 leads
2026-05-14 16:02:52,191 - Commande: A2e 300
2026-05-14 16:02:52,294 - file_cache is only supported with oauth2client<4.0.0
2026-05-14 16:02:52,914 - Email: Commande leads - A2e - 300 leads
2026-05-14 16:14:22,797 - Commande: A&C 100
2026-05-14 16:14:23,178 - file_cache is only supported with oauth2client<4.0.0
2026-05-14 16:14:23,823 - Email: Commande leads - A&C - 100 leads
2026-05-14 16:16:58,052 - Commande: MIJ 50
2026-05-14 16:16:58,157 - file_cache is only supported with oauth2client<4.0.0
2026-05-14 16:16:58,845 - Email: Commande leads - MIJ - 50 leads
2026-05-14 16:25:39,070 - Commande: GEF 400
2026-05-14 16:25:39,188 - file_cache is only supported with oauth2client<4.0.0
2026-05-14 16:25:39,783 - Email: Commande leads - GEF - 400 leads
2026-05-14 16:30:24,571 - Commande: Yona 100
2026-05-14 16:30:24,694 - file_cache is only supported with oauth2client<4.0.0
2026-05-14 16:30:25,271 - Email: Commande leads - Yona - 100 leads
2026-05-14 17:08:18,825 - Commande: ACL GESTION 100
2026-05-14 17:08:18,935 - file_cache is only supported with oauth2client<4.0.0
2026-05-14 17:08:19,557 - Email: Commande leads - ACL GESTION - 100 leads
2026-05-14 17:08:31,615 - Commande: ZHM BUSINESS 800
2026-05-14 17:08:31,718 - file_cache is only supported with oauth2client<4.0.0
2026-05-14 17:08:32,220 - Email: Commande leads - ZHM BUSINESS - 800 leads
2026-05-14 17:11:57,641 - Commande: INNOLI 80
2026-05-14 17:11:58,047 - file_cache is only supported with oauth2client<4.0.0
2026-05-14 17:11:58,717 - Email: Commande leads - INNOLI - 80 leads
2026-05-14 17:12:07,657 - Commande: INNOLI 30
2026-05-14 17:12:07,755 - file_cache is only supported with oauth2client<4.0.0
2026-05-14 17:12:08,355 - Email: Commande leads - INNOLI - 30 leads
2026-05-14 17:12:17,673 - Commande: INNOLI 100
2026-05-14 17:12:17,772 - file_cache is only supported with oauth2client<4.0.0
2026-05-14 17:12:18,290 - Email: Commande leads - INNOLI - 100 leads
2026-05-14 17:12:29,234 - Commande: INNOLI 20
2026-05-14 17:12:29,336 - file_cache is only supported with oauth2client<4.0.0
2026-05-14 17:12:29,854 - Email: Commande leads - INNOLI - 20 leads
2026-05-14 17:12:39,349 - Commande: INNOLI 100
2026-05-14 17:12:39,450 - file_cache is only supported with oauth2client<4.0.0
2026-05-14 17:12:40,060 - Email: Commande leads - INNOLI - 100 leads
2026-05-14 17:13:19,402 - Commande: INNOLI 50
2026-05-14 17:13:19,502 - file_cache is only supported with oauth2client<4.0.0
2026-05-14 17:13:20,195 - Email: Commande leads - INNOLI - 50 leads
2026-05-14 17:15:19,528 - Commande: INNOLI 80
2026-05-14 17:15:19,628 - file_cache is only supported with oauth2client<4.0.0
2026-05-14 17:15:20,248 - Email: Commande leads - INNOLI - 80 leads
2026-05-14 17:18:31,863 - Commande: GAD CONSULTING 200
2026-05-14 17:18:31,974 - file_cache is only supported with oauth2client<4.0.0
2026-05-14 17:18:32,576 - Email: Commande leads - GAD CONSULTING - 200 leads
2026-05-14 17:18:41,875 - Commande: GAD CONSULTING 150
2026-05-14 17:18:41,976 - file_cache is only supported with oauth2client<4.0.0
2026-05-14 17:18:42,615 - Email: Commande leads - GAD CONSULTING - 150 leads
2026-05-14 17:22:21,311 - Commande: As conseil 180
2026-05-14 17:22:21,414 - file_cache is only supported with oauth2client<4.0.0
2026-05-14 17:22:22,100 - Email: Commande leads - As conseil - 180 leads
2026-05-14 17:39:02,522 - Commande: RM PARTNERS 26 100
2026-05-14 17:39:02,636 - file_cache is only supported with oauth2client<4.0.0
2026-05-14 17:39:03,565 - Email: Commande leads - RM PARTNERS 26 - 100 leads
2026-05-14 17:44:32,984 - Commande: groupe ya 250
2026-05-14 17:44:33,112 - file_cache is only supported with oauth2client<4.0.0
2026-05-14 17:44:33,647 - Email: Commande leads - groupe ya - 250 leads
2026-05-14 18:24:59,782 - Commande: Anr consulting 50
2026-05-14 18:25:00,256 - file_cache is only supported with oauth2client<4.0.0
2026-05-14 18:25:00,905 - Email: Commande leads - Anr consulting - 50 leads
2026-05-14 18:25:09,796 - Commande: Anr consulting 100
2026-05-14 18:25:09,900 - file_cache is only supported with oauth2client<4.0.0
2026-05-14 18:25:10,363 - Email: Commande leads - Anr consulting - 100 leads
2026-05-14 18:25:19,805 - Commande: Anr consulting 100
2026-05-14 18:25:19,909 - file_cache is only supported with oauth2client<4.0.0
2026-05-14 18:25:20,517 - Email: Commande leads - Anr consulting - 100 leads
2026-05-14 18:30:12,034 - Commande: anr 100
2026-05-14 18:30:12,169 - file_cache is only supported with oauth2client<4.0.0
2026-05-14 18:30:12,845 - Email: Commande leads - anr - 100 leads
2026-05-14 19:03:45,651 - Commande: charles 20
2026-05-14 19:03:45,759 - file_cache is only supported with oauth2client<4.0.0
2026-05-14 19:03:46,361 - Email: Commande leads - charles - 20 leads
2026-05-14 19:03:55,660 - Commande: CHARLES 50
2026-05-14 19:03:55,764 - file_cache is only supported with oauth2client<4.0.0
2026-05-14 19:03:56,260 - Email: Commande leads - CHARLES - 50 leads
2026-05-14 19:04:05,669 - Commande: CHARLES 50
2026-05-14 19:04:05,772 - file_cache is only supported with oauth2client<4.0.0
2026-05-14 19:04:06,490 - Email: Commande leads - CHARLES - 50 leads
2026-05-14 19:08:15,907 - Commande: Nrge 100
2026-05-14 19:08:16,007 - file_cache is only supported with oauth2client<4.0.0
2026-05-14 19:08:16,688 - Email: Commande leads - Nrge - 100 leads
2026-05-14 19:09:15,972 - Commande: Nrge 40
2026-05-14 19:09:16,069 - file_cache is only supported with oauth2client<4.0.0
2026-05-14 19:09:17,074 - Email: Commande leads - Nrge - 40 leads
2026-05-14 19:25:16,754 - Commande: ICO CONSEILS/ AZ PARTNER 50
2026-05-14 19:25:17,130 - file_cache is only supported with oauth2client<4.0.0
2026-05-14 19:25:17,639 - Email: Commande leads - ICO CONSEILS/ AZ PARTNER - 50 leads
2026-05-14 21:46:37,818 - Commande: LEV CONSEIL 250
2026-05-14 21:46:38,189 - file_cache is only supported with oauth2client<4.0.0
2026-05-14 21:46:38,699 - Email: Commande leads - LEV CONSEIL - 250 leads
2026-05-14 21:47:18,115 - Commande: LEV CONSEIL 80
2026-05-14 21:47:18,234 - file_cache is only supported with oauth2client<4.0.0
2026-05-14 21:47:18,820 - Email: Commande leads - LEV CONSEIL - 80 leads
2026-05-14 22:18:45,375 - Commande: Sw conseils 150
2026-05-14 22:18:45,493 - file_cache is only supported with oauth2client<4.0.0
2026-05-14 22:18:46,194 - Email: Commande leads - Sw conseils - 150 leads
2026-05-15 12:56:34,158 - Commande: ED CONSULTING 50
2026-05-15 12:56:40,749 - file_cache is only supported with oauth2client<4.0.0
2026-05-15 12:56:41,448 - Email: Commande leads - ED CONSULTING - 50 leads
2026-05-15 12:58:34,253 - Commande: ED CONSULTING 50
2026-05-15 12:58:34,356 - file_cache is only supported with oauth2client<4.0.0
2026-05-15 12:58:35,067 - Email: Commande leads - ED CONSULTING - 50 leads
2026-05-15 13:22:05,950 - Commande: KB conseil 150
2026-05-15 13:22:06,063 - file_cache is only supported with oauth2client<4.0.0
2026-05-15 13:22:12,913 - Email: Commande leads - KB conseil - 150 leads
2026-05-17 14:42:36,273 - Commande: Valeos 100
2026-05-17 14:42:36,940 - file_cache is only supported with oauth2client<4.0.0
2026-05-17 14:42:37,590 - Email: Commande leads - Valeos - 100 leads
2026-05-17 14:43:09,039 - Commande: Ahm 2 60
2026-05-17 14:43:09,142 - file_cache is only supported with oauth2client<4.0.0
2026-05-17 14:43:09,767 - Email: Commande leads - Ahm 2 - 60 leads
2026-05-21 10:16:10,569 - Commande: Anr consulting 100
2026-05-21 10:16:11,837 - file_cache is only supported with oauth2client<4.0.0
2026-05-21 10:16:12,505 - Email: Commande leads - Anr consulting - 100 leads
2026-05-21 10:16:21,405 - Commande: Anr consulting 100
2026-05-21 10:16:21,513 - file_cache is only supported with oauth2client<4.0.0
2026-05-21 10:16:22,001 - Email: Commande leads - Anr consulting - 100 leads
2026-05-21 10:16:31,413 - Commande: Anr consulting 50
2026-05-21 10:16:31,515 - file_cache is only supported with oauth2client<4.0.0
2026-05-21 10:16:32,004 - Email: Commande leads - Anr consulting - 50 leads
2026-05-21 10:16:41,430 - Commande: anr 100
2026-05-21 10:16:41,527 - file_cache is only supported with oauth2client<4.0.0
2026-05-21 10:16:42,120 - Email: Commande leads - anr - 100 leads
2026-05-21 10:16:51,444 - Commande: groupe ya 250
2026-05-21 10:16:51,547 - file_cache is only supported with oauth2client<4.0.0
2026-05-21 10:16:52,144 - Email: Commande leads - groupe ya - 250 leads
2026-05-21 10:18:03,639 - Commande: ysaac partner 100
2026-05-21 10:18:03,749 - file_cache is only supported with oauth2client<4.0.0
2026-05-21 10:18:04,325 - Email: Commande leads - ysaac partner - 100 leads
2026-05-21 10:18:40,755 - Commande: GEF 400
2026-05-21 10:18:40,861 - file_cache is only supported with oauth2client<4.0.0
2026-05-21 10:18:41,461 - Email: Commande leads - GEF - 400 leads
2026-05-21 10:18:50,765 - Commande: A2e 300
2026-05-21 10:18:50,868 - file_cache is only supported with oauth2client<4.0.0
2026-05-21 10:18:51,481 - Email: Commande leads - A2e - 300 leads
2026-05-21 10:19:00,772 - Commande: GLC TAMAR 400
2026-05-21 10:19:00,874 - file_cache is only supported with oauth2client<4.0.0
2026-05-21 10:19:01,347 - Email: Commande leads - GLC TAMAR - 400 leads
2026-05-21 10:19:10,784 - Commande: ACL GESTION 150
2026-05-21 10:19:10,884 - file_cache is only supported with oauth2client<4.0.0
2026-05-21 10:19:11,463 - Email: Commande leads - ACL GESTION - 150 leads
2026-05-21 10:19:20,800 - Commande: A&C solutions 150
2026-05-21 10:19:20,911 - file_cache is only supported with oauth2client<4.0.0
2026-05-21 10:19:21,398 - Email: Commande leads - A&C solutions - 150 leads
2026-05-21 10:19:30,807 - Commande: MIJ 50
2026-05-21 10:19:30,908 - file_cache is only supported with oauth2client<4.0.0
2026-05-21 10:19:31,569 - Email: Commande leads - MIJ - 50 leads
2026-05-21 10:19:40,817 - Commande: LUNA 400
2026-05-21 10:19:40,921 - file_cache is only supported with oauth2client<4.0.0
2026-05-21 10:19:41,573 - Email: Commande leads - LUNA - 400 leads
2026-05-21 10:19:50,828 - Commande: LENNY 100
2026-05-21 10:19:50,928 - file_cache is only supported with oauth2client<4.0.0
2026-05-21 10:19:51,441 - Email: Commande leads - LENNY - 100 leads
2026-05-21 10:20:00,838 - Commande: BL CONSEIL 300
2026-05-21 10:20:00,937 - file_cache is only supported with oauth2client<4.0.0
2026-05-21 10:20:01,540 - Email: Commande leads - BL CONSEIL - 300 leads
2026-05-21 10:20:10,854 - Commande: GLOBE ENERGY SHANONE 250
2026-05-21 10:20:10,952 - file_cache is only supported with oauth2client<4.0.0
2026-05-21 10:20:11,559 - Email: Commande leads - GLOBE ENERGY SHANONE - 250 leads
2026-05-21 10:21:20,928 - Commande: GLC 200
2026-05-21 10:21:21,030 - file_cache is only supported with oauth2client<4.0.0
2026-05-21 10:21:21,621 - Email: Commande leads - GLC - 200 leads
2026-05-21 10:55:02,873 - Commande: MT CONSEIL 150
2026-05-21 10:55:02,972 - file_cache is only supported with oauth2client<4.0.0
2026-05-21 10:55:03,519 - Email: Commande leads - MT CONSEIL - 150 leads
2026-05-21 12:04:07,589 - Commande: Sw conseils 150
2026-05-21 12:04:07,971 - file_cache is only supported with oauth2client<4.0.0
2026-05-21 12:04:08,549 - Email: Commande leads - Sw conseils - 150 leads
2026-05-21 13:03:12,054 - Commande: Nrge 150
2026-05-21 13:03:12,510 - file_cache is only supported with oauth2client<4.0.0
2026-05-21 13:03:13,113 - Email: Commande leads - Nrge - 150 leads
2026-05-21 13:05:12,188 - Commande: Nrge 50
2026-05-21 13:05:12,284 - file_cache is only supported with oauth2client<4.0.0
2026-05-21 13:05:12,979 - Email: Commande leads - Nrge - 50 leads
2026-05-21 13:26:53,958 - Commande: KY 150
2026-05-21 13:26:54,063 - file_cache is only supported with oauth2client<4.0.0
2026-05-21 13:26:54,576 - Email: Commande leads - KY - 150 leads
2026-05-21 13:34:00,049 - Commande: Saconseil 100
2026-05-21 13:34:00,148 - file_cache is only supported with oauth2client<4.0.0
2026-05-21 13:34:00,881 - Email: Commande leads - Saconseil - 100 leads
2026-05-21 13:34:18,403 - Commande: ICO CONSEILS/ AZ PARTNER 100
2026-05-21 13:34:18,510 - file_cache is only supported with oauth2client<4.0.0
2026-05-21 13:34:19,209 - Email: Commande leads - ICO CONSEILS/ AZ PARTNER - 100 leads
2026-05-21 13:35:15,716 - Commande: Ateco 100
2026-05-21 13:35:15,815 - file_cache is only supported with oauth2client<4.0.0
2026-05-21 13:35:16,353 - Email: Commande leads - Ateco - 100 leads
2026-05-21 13:37:00,216 - Commande: LEV CONSEIL 200
2026-05-21 13:37:00,324 - file_cache is only supported with oauth2client<4.0.0
2026-05-21 13:37:01,055 - Email: Commande leads - LEV CONSEIL - 200 leads
2026-05-21 13:37:11,903 - Commande: LEV CONSEIL 50
2026-05-21 13:37:12,006 - file_cache is only supported with oauth2client<4.0.0
2026-05-21 13:37:12,571 - Email: Commande leads - LEV CONSEIL - 50 leads
2026-05-21 13:42:46,470 - Commande: ZHM BUSINESS 800
2026-05-21 13:42:46,587 - file_cache is only supported with oauth2client<4.0.0
2026-05-21 13:42:47,247 - Email: Commande leads - ZHM BUSINESS - 800 leads
2026-05-21 13:56:55,450 - Commande: CHARLES 50
2026-05-21 13:56:55,566 - file_cache is only supported with oauth2client<4.0.0
2026-05-21 13:56:56,208 - Email: Commande leads - CHARLES - 50 leads
2026-05-21 13:57:05,464 - Commande: charles 20
2026-05-21 13:57:05,565 - file_cache is only supported with oauth2client<4.0.0
2026-05-21 13:57:06,063 - Email: Commande leads - charles - 20 leads
2026-05-21 13:57:15,529 - Commande: CHARLES 50
2026-05-21 13:57:15,631 - file_cache is only supported with oauth2client<4.0.0
2026-05-21 13:57:16,253 - Email: Commande leads - CHARLES - 50 leads
2026-05-21 14:05:52,360 - Commande: Valeos 100
2026-05-21 14:05:52,751 - file_cache is only supported with oauth2client<4.0.0
2026-05-21 14:05:53,389 - Email: Commande leads - Valeos - 100 leads
2026-05-21 14:06:02,384 - Commande: KB conseil 150
2026-05-21 14:06:02,491 - file_cache is only supported with oauth2client<4.0.0
2026-05-21 14:06:03,116 - Email: Commande leads - KB conseil - 150 leads
2026-05-21 14:34:18,889 - Commande: GAD CONSULTING 200
2026-05-21 14:34:19,008 - file_cache is only supported with oauth2client<4.0.0
2026-05-21 14:34:19,644 - Email: Commande leads - GAD CONSULTING - 200 leads
2026-05-21 14:34:28,901 - Commande: GAD CONSULTING 150
2026-05-21 14:34:29,003 - file_cache is only supported with oauth2client<4.0.0
2026-05-21 14:34:29,649 - Email: Commande leads - GAD CONSULTING - 150 leads
2026-05-21 14:34:46,143 - Commande: Yona 100
2026-05-21 14:34:46,246 - file_cache is only supported with oauth2client<4.0.0
2026-05-21 14:34:46,746 - Email: Commande leads - Yona - 100 leads
2026-05-21 14:56:54,624 - Commande: ed consulting 50
2026-05-21 14:56:54,736 - file_cache is only supported with oauth2client<4.0.0
2026-05-21 14:57:01,400 - Email: Commande leads - ed consulting - 50 leads
2026-05-21 14:57:24,653 - Commande: ED CONSULTING 50
2026-05-21 14:57:24,751 - file_cache is only supported with oauth2client<4.0.0
2026-05-21 14:57:25,364 - Email: Commande leads - ED CONSULTING - 50 leads
2026-05-21 14:59:56,554 - Commande: Saviva energie 100
2026-05-21 14:59:56,662 - file_cache is only supported with oauth2client<4.0.0
2026-05-21 14:59:57,271 - Email: Commande leads - Saviva energie - 100 leads
2026-05-21 15:01:45,177 - Commande: Saviva energie 150
2026-05-21 15:01:45,275 - file_cache is only supported with oauth2client<4.0.0
2026-05-21 15:01:45,947 - Email: Commande leads - Saviva energie - 150 leads
2026-05-21 16:15:29,527 - Commande: AJT INVEST 100
2026-05-21 16:15:30,021 - file_cache is only supported with oauth2client<4.0.0
2026-05-21 16:15:30,683 - Email: Commande leads - AJT INVEST - 100 leads
2026-05-21 16:15:50,700 - Commande: anr 50
2026-05-21 16:15:50,802 - file_cache is only supported with oauth2client<4.0.0
2026-05-21 16:15:56,356 - Email: Commande leads - anr - 50 leads
2026-05-21 16:27:25,342 - Commande: INNOLI 80
2026-05-21 16:27:25,454 - file_cache is only supported with oauth2client<4.0.0
2026-05-21 16:27:26,201 - Email: Commande leads - INNOLI - 80 leads
2026-05-21 16:27:37,051 - Commande: INNOLI 60
2026-05-21 16:27:37,158 - file_cache is only supported with oauth2client<4.0.0
2026-05-21 16:27:38,072 - Email: Commande leads - INNOLI - 60 leads
2026-05-21 16:27:52,955 - Commande: INNOLI 70
2026-05-21 16:27:53,066 - file_cache is only supported with oauth2client<4.0.0
2026-05-21 16:27:55,828 - Email: Commande leads - INNOLI - 70 leads
2026-05-21 16:28:07,271 - Commande: INNOLI 50
2026-05-21 16:28:07,419 - file_cache is only supported with oauth2client<4.0.0
2026-05-21 16:28:07,957 - Email: Commande leads - INNOLI - 50 leads
2026-05-21 16:28:21,753 - Commande: INNOLI 100
2026-05-21 16:28:21,861 - file_cache is only supported with oauth2client<4.0.0
2026-05-21 16:28:22,422 - Email: Commande leads - INNOLI - 100 leads
2026-05-21 16:28:31,763 - Commande: INNOLI 20
2026-05-21 16:28:31,870 - file_cache is only supported with oauth2client<4.0.0
2026-05-21 16:28:32,489 - Email: Commande leads - INNOLI - 20 leads
2026-05-21 16:28:41,782 - Commande: INNOLI 100
2026-05-21 16:28:41,880 - file_cache is only supported with oauth2client<4.0.0
2026-05-21 16:28:42,523 - Email: Commande leads - INNOLI - 100 leads
2026-05-21 16:29:45,372 - Commande: Ahm 2 100
2026-05-21 16:29:45,472 - file_cache is only supported with oauth2client<4.0.0
2026-05-21 16:29:46,117 - Email: Commande leads - Ahm 2 - 100 leads
2026-05-21 17:14:46,649 - Commande: ARTHUR 200
2026-05-21 17:14:47,011 - file_cache is only supported with oauth2client<4.0.0
2026-05-21 17:14:47,641 - Email: Commande leads - ARTHUR - 200 leads
2026-05-21 17:15:46,721 - Commande: ARTHUR 100
2026-05-21 17:15:46,818 - file_cache is only supported with oauth2client<4.0.0
2026-05-21 17:15:47,351 - Email: Commande leads - ARTHUR - 100 leads
2026-05-21 18:28:21,904 - Commande: As conseil 70
2026-05-21 18:28:22,323 - file_cache is only supported with oauth2client<4.0.0
2026-05-21 18:28:23,051 - Email: Commande leads - As conseil - 70 leads
2026-05-28 12:21:38,617 - Commande: MT CONSEIL 200
2026-05-28 12:21:39,566 - file_cache is only supported with oauth2client<4.0.0
2026-05-28 12:21:40,200 - Email: Commande leads - MT CONSEIL - 200 leads
2026-05-28 13:14:41,897 - Commande: groupe ya 250
2026-05-28 13:14:42,014 - file_cache is only supported with oauth2client<4.0.0
2026-05-28 13:14:42,563 - Email: Commande leads - groupe ya - 250 leads
2026-05-28 13:18:31,019 - Commande: LUNA 400
2026-05-28 13:18:31,450 - file_cache is only supported with oauth2client<4.0.0
2026-05-28 13:18:32,101 - Email: Commande leads - LUNA - 400 leads
2026-05-28 13:18:52,909 - Commande: GLOBE ENERGY SHANONE 250
2026-05-28 13:18:53,011 - file_cache is only supported with oauth2client<4.0.0
2026-05-28 13:18:53,508 - Email: Commande leads - GLOBE ENERGY SHANONE - 250 leads
2026-05-28 13:52:04,272 - Commande: LENNY 100
2026-05-28 13:52:04,391 - file_cache is only supported with oauth2client<4.0.0
2026-05-28 13:52:05,069 - Email: Commande leads - LENNY - 100 leads
2026-05-28 13:52:14,300 - Commande: BL CONSEIL 350
2026-05-28 13:52:14,398 - file_cache is only supported with oauth2client<4.0.0
2026-05-28 13:52:14,943 - Email: Commande leads - BL CONSEIL - 350 leads
2026-05-28 13:59:46,182 - Commande: Yona 130
2026-05-28 13:59:46,293 - file_cache is only supported with oauth2client<4.0.0
2026-05-28 13:59:46,940 - Email: Commande leads - Yona - 130 leads
2026-05-28 13:59:56,199 - Commande: CHARLES 50
2026-05-28 13:59:56,305 - file_cache is only supported with oauth2client<4.0.0
2026-05-28 13:59:56,948 - Email: Commande leads - CHARLES - 50 leads
2026-05-28 14:00:06,215 - Commande: CHARLES 70
2026-05-28 14:00:06,315 - file_cache is only supported with oauth2client<4.0.0
2026-05-28 14:00:06,837 - Email: Commande leads - CHARLES - 70 leads
2026-05-28 14:00:16,236 - Commande: charles 20
2026-05-28 14:00:16,374 - file_cache is only supported with oauth2client<4.0.0
2026-05-28 14:00:17,070 - Email: Commande leads - charles - 20 leads
2026-05-28 14:05:56,714 - Commande: MT CONSEIL 150
2026-05-28 14:05:56,836 - file_cache is only supported with oauth2client<4.0.0
2026-05-28 14:05:57,421 - Email: Commande leads - MT CONSEIL - 150 leads
2026-05-28 14:20:31,730 - Commande: ZHM BUSINESS 900
2026-05-28 14:20:32,165 - file_cache is only supported with oauth2client<4.0.0
2026-05-28 14:20:32,706 - Email: Commande leads - ZHM BUSINESS - 900 leads
2026-05-28 15:47:47,396 - Commande: Saconseil 100
2026-05-28 15:47:47,818 - file_cache is only supported with oauth2client<4.0.0
2026-05-28 15:47:48,476 - Email: Commande leads - Saconseil - 100 leads
2026-05-28 15:48:47,489 - Commande: Ateco 100
2026-05-28 15:48:47,616 - file_cache is only supported with oauth2client<4.0.0
2026-05-28 15:48:48,291 - Email: Commande leads - Ateco - 100 leads
2026-05-28 16:08:20,407 - Commande: LUNA 100
2026-05-28 16:08:20,512 - file_cache is only supported with oauth2client<4.0.0
2026-05-28 16:08:21,205 - Email: Commande leads - LUNA - 100 leads
2026-05-28 16:08:31,835 - Commande: ARTHUR 100
2026-05-28 16:08:31,938 - file_cache is only supported with oauth2client<4.0.0
2026-05-28 16:08:32,480 - Email: Commande leads - ARTHUR - 100 leads
2026-05-28 16:08:41,845 - Commande: ARTHUR 200
2026-05-28 16:08:41,953 - file_cache is only supported with oauth2client<4.0.0
2026-05-28 16:08:42,598 - Email: Commande leads - ARTHUR - 200 leads
2026-05-28 16:09:21,912 - Commande: ARTHUR 170
2026-05-28 16:09:22,025 - file_cache is only supported with oauth2client<4.0.0
2026-05-28 16:09:22,674 - Email: Commande leads - ARTHUR - 170 leads
2026-05-28 16:09:31,920 - Commande: Valeos 100
2026-05-28 16:09:32,023 - file_cache is only supported with oauth2client<4.0.0
2026-05-28 16:09:32,670 - Email: Commande leads - Valeos - 100 leads
2026-05-28 16:12:03,305 - Commande: GEF 300
2026-05-28 16:12:03,407 - file_cache is only supported with oauth2client<4.0.0
2026-05-28 16:12:04,106 - Email: Commande leads - GEF - 300 leads
2026-05-28 16:13:03,334 - Commande: GEF 50
2026-05-28 16:13:03,433 - file_cache is only supported with oauth2client<4.0.0
2026-05-28 16:13:04,094 - Email: Commande leads - GEF - 50 leads
2026-05-28 16:14:03,389 - Commande: GEF 100
2026-05-28 16:14:03,486 - file_cache is only supported with oauth2client<4.0.0
2026-05-28 16:14:04,166 - Email: Commande leads - GEF - 100 leads
2026-05-28 16:15:03,441 - Commande: GEF 100
2026-05-28 16:15:03,539 - file_cache is only supported with oauth2client<4.0.0
2026-05-28 16:15:04,222 - Email: Commande leads - GEF - 100 leads
2026-05-28 16:17:33,564 - Commande: GEF 80
2026-05-28 16:17:33,665 - file_cache is only supported with oauth2client<4.0.0
2026-05-28 16:17:34,640 - Email: Commande leads - GEF - 80 leads
2026-05-28 16:19:03,668 - Commande: GEF 80
2026-05-28 16:19:03,770 - file_cache is only supported with oauth2client<4.0.0
2026-05-28 16:19:04,456 - Email: Commande leads - GEF - 80 leads
2026-05-28 16:20:03,728 - Commande: GEF 100
2026-05-28 16:20:03,826 - file_cache is only supported with oauth2client<4.0.0
2026-05-28 16:20:04,849 - Email: Commande leads - GEF - 100 leads
2026-05-28 16:24:18,869 - Commande: KY 150
2026-05-28 16:24:18,972 - file_cache is only supported with oauth2client<4.0.0
2026-05-28 16:24:19,545 - Email: Commande leads - KY - 150 leads
2026-05-28 16:25:47,536 - Commande: MT CONSEL 250
2026-05-28 16:25:47,637 - file_cache is only supported with oauth2client<4.0.0
2026-05-28 16:25:48,179 - Email: Commande leads - MT CONSEL - 250 leads
2026-05-28 16:29:48,105 - Commande: Saviva energie 150
2026-05-28 16:29:48,207 - file_cache is only supported with oauth2client<4.0.0
2026-05-28 16:29:48,964 - Email: Commande leads - Saviva energie - 150 leads
2026-05-28 16:29:58,123 - Commande: Saviva energie 100
2026-05-28 16:29:58,221 - file_cache is only supported with oauth2client<4.0.0
2026-05-28 16:29:58,847 - Email: Commande leads - Saviva energie - 100 leads
2026-05-28 16:34:08,610 - Commande: ACL GESTION 100
2026-05-28 16:34:08,713 - file_cache is only supported with oauth2client<4.0.0
2026-05-28 16:34:09,389 - Email: Commande leads - ACL GESTION - 100 leads
2026-05-28 16:54:03,822 - Commande: INNOLI 50
2026-05-28 16:54:04,249 - file_cache is only supported with oauth2client<4.0.0
2026-05-28 16:54:04,910 - Email: Commande leads - INNOLI - 50 leads
2026-05-28 16:54:13,837 - Commande: INNOLI 60
2026-05-28 16:54:13,940 - file_cache is only supported with oauth2client<4.0.0
2026-05-28 16:54:14,799 - Email: Commande leads - INNOLI - 60 leads
2026-05-28 16:54:23,855 - Commande: INNOLI 70
2026-05-28 16:54:23,961 - file_cache is only supported with oauth2client<4.0.0
2026-05-28 16:54:24,486 - Email: Commande leads - INNOLI - 70 leads
2026-05-28 16:54:57,781 - Commande: INNOLI 50
2026-05-28 16:54:57,893 - file_cache is only supported with oauth2client<4.0.0
2026-05-28 16:54:58,417 - Email: Commande leads - INNOLI - 50 leads
2026-05-28 16:55:07,793 - Commande: INNOLI 100
2026-05-28 16:55:07,897 - file_cache is only supported with oauth2client<4.0.0
2026-05-28 16:55:08,544 - Email: Commande leads - INNOLI - 100 leads
2026-05-28 16:55:17,818 - Commande: INNOLI 20
2026-05-28 16:55:17,918 - file_cache is only supported with oauth2client<4.0.0
2026-05-28 16:55:19,561 - Email: Commande leads - INNOLI - 20 leads
2026-05-28 16:55:27,831 - Commande: INNOLI 100
2026-05-28 16:55:27,942 - file_cache is only supported with oauth2client<4.0.0
2026-05-28 16:55:28,484 - Email: Commande leads - INNOLI - 100 leads
2026-05-28 17:36:02,364 - Commande: GAD CONSULTING 200
2026-05-28 17:36:02,479 - file_cache is only supported with oauth2client<4.0.0
2026-05-28 17:36:03,362 - Email: Commande leads - GAD CONSULTING - 200 leads
2026-05-28 17:36:12,380 - Commande: GAD CONSULTING 150
2026-05-28 17:36:12,482 - file_cache is only supported with oauth2client<4.0.0
2026-05-28 17:36:13,003 - Email: Commande leads - GAD CONSULTING - 150 leads
2026-05-28 17:47:47,548 - Commande: Nrge 150
2026-05-28 17:47:47,650 - file_cache is only supported with oauth2client<4.0.0
2026-05-28 17:47:48,401 - Email: Commande leads - Nrge - 150 leads
2026-05-28 17:49:17,630 - Commande: Nrge 50
2026-05-28 17:49:17,730 - file_cache is only supported with oauth2client<4.0.0
2026-05-28 17:49:18,411 - Email: Commande leads - Nrge - 50 leads
2026-05-28 17:58:18,275 - Commande: ED CONSULTING 50
2026-05-28 17:58:18,664 - file_cache is only supported with oauth2client<4.0.0
2026-05-28 17:58:19,340 - Email: Commande leads - ED CONSULTING - 50 leads
2026-05-28 17:58:28,303 - Commande: ed consulting 50
2026-05-28 17:58:28,428 - file_cache is only supported with oauth2client<4.0.0
2026-05-28 17:58:29,042 - Email: Commande leads - ed consulting - 50 leads
2026-05-28 18:03:07,035 - Commande: A&C solutions 150
2026-05-28 18:03:07,138 - file_cache is only supported with oauth2client<4.0.0
2026-05-28 18:03:07,874 - Email: Commande leads - A&C solutions - 150 leads
2026-05-28 18:11:17,548 - Commande: Yanova 40
2026-05-28 18:11:17,652 - file_cache is only supported with oauth2client<4.0.0
2026-05-28 18:11:18,336 - Email: Commande leads - Yanova - 40 leads
2026-05-28 18:24:18,288 - Commande: AS CONSEIL 150
2026-05-28 18:24:18,388 - file_cache is only supported with oauth2client<4.0.0
2026-05-28 18:24:18,921 - Email: Commande leads - AS CONSEIL - 150 leads
2026-05-28 18:25:28,779 - Commande: Ahm 2 50
2026-05-28 18:25:28,887 - file_cache is only supported with oauth2client<4.0.0
2026-05-28 18:25:29,493 - Email: Commande leads - Ahm 2 - 50 leads
2026-05-28 18:52:40,367 - Commande: ICO CONSEIL 150
2026-05-28 18:52:40,473 - file_cache is only supported with oauth2client<4.0.0
2026-05-28 18:52:41,000 - Email: Commande leads - ICO CONSEIL - 150 leads
2026-05-28 18:54:37,820 - Commande: A2e 300
2026-05-28 18:54:38,200 - file_cache is only supported with oauth2client<4.0.0
2026-05-28 18:54:38,917 - Email: Commande leads - A2e - 300 leads
2026-05-28 18:55:48,283 - Commande: MIJ 50
2026-05-28 18:55:48,385 - file_cache is only supported with oauth2client<4.0.0
2026-05-28 18:55:49,013 - Email: Commande leads - MIJ - 50 leads
2026-05-28 20:11:28,673 - Commande: ARTHUR 250
2026-05-28 20:11:29,076 - file_cache is only supported with oauth2client<4.0.0
2026-05-28 20:11:29,773 - Email: Commande leads - ARTHUR - 250 leads
2026-05-28 20:13:58,810 - Commande: Arthur 120
2026-05-28 20:13:58,907 - file_cache is only supported with oauth2client<4.0.0
2026-05-28 20:13:59,539 - Email: Commande leads - Arthur - 120 leads
2026-05-29 10:23:43,796 - Commande: AJT INVEST 300
2026-05-29 10:23:44,192 - file_cache is only supported with oauth2client<4.0.0
2026-05-29 10:23:44,706 - Email: Commande leads - AJT INVEST - 300 leads
2026-05-29 10:23:55,261 - Commande: GLC TAMAR 400
2026-05-29 10:23:55,364 - file_cache is only supported with oauth2client<4.0.0
2026-05-29 10:23:55,989 - Email: Commande leads - GLC TAMAR - 400 leads
2026-05-29 10:24:06,698 - Commande: LEV CONSEIL 150
2026-05-29 10:24:06,798 - file_cache is only supported with oauth2client<4.0.0
2026-05-29 10:24:07,317 - Email: Commande leads - LEV CONSEIL - 150 leads
2026-05-29 10:24:16,713 - Commande: LEV CONSEIL 80
2026-05-29 10:24:16,818 - file_cache is only supported with oauth2client<4.0.0
2026-05-29 10:24:17,426 - Email: Commande leads - LEV CONSEIL - 80 leads
2026-05-29 12:33:21,496 - Commande: Anr consulting 100
2026-05-29 12:33:21,900 - file_cache is only supported with oauth2client<4.0.0
2026-05-29 12:33:22,545 - Email: Commande leads - Anr consulting - 100 leads
2026-05-29 12:33:31,506 - Commande: Anr consulting 100
2026-05-29 12:33:31,607 - file_cache is only supported with oauth2client<4.0.0
2026-05-29 12:33:32,215 - Email: Commande leads - Anr consulting - 100 leads
2026-05-29 12:34:22,964 - Commande: anr 400
2026-05-29 12:34:23,083 - file_cache is only supported with oauth2client<4.0.0
2026-05-29 12:34:23,717 - Email: Commande leads - anr - 400 leads
2026-05-29 12:34:32,973 - Commande: Anr consulting 100
2026-05-29 12:34:33,075 - file_cache is only supported with oauth2client<4.0.0
2026-05-29 12:34:33,694 - Email: Commande leads - Anr consulting - 100 leads
2026-05-29 12:35:56,014 - Commande: ANR 150
2026-05-29 12:35:56,113 - file_cache is only supported with oauth2client<4.0.0
2026-05-29 12:35:56,667 - Email: Commande leads - ANR - 150 leads
2026-05-29 12:36:56,069 - Commande: ANR 300
2026-05-29 12:36:56,170 - file_cache is only supported with oauth2client<4.0.0
2026-05-29 12:36:56,791 - Email: Commande leads - ANR - 300 leads
2026-05-29 12:38:06,252 - Commande: ANR 100
2026-05-29 12:38:06,353 - file_cache is only supported with oauth2client<4.0.0
2026-05-29 12:38:07,082 - Email: Commande leads - ANR - 100 leads
2026-05-29 12:39:36,331 - Commande: ANR 150
2026-05-29 12:39:36,431 - file_cache is only supported with oauth2client<4.0.0
2026-05-29 12:39:37,072 - Email: Commande leads - ANR - 150 leads
2026-05-29 12:41:06,425 - Commande: btc regie ILAN INNOLI 100
2026-05-29 12:41:06,526 - file_cache is only supported with oauth2client<4.0.0
2026-05-29 12:41:07,154 - Email: Commande leads - btc regie ILAN INNOLI - 100 leads
2026-06-04 13:25:52,882 - Commande: LUNA 600
2026-06-04 13:25:54,125 - file_cache is only supported with oauth2client<4.0.0
2026-06-04 13:25:54,687 - Email: Commande leads - LUNA - 600 leads
2026-06-04 13:26:03,785 - Commande: ARTHUR 100
2026-06-04 13:26:03,885 - file_cache is only supported with oauth2client<4.0.0
2026-06-04 13:26:04,519 - Email: Commande leads - ARTHUR - 100 leads
2026-06-04 13:26:13,795 - Commande: ZHM BUSINESS 900
2026-06-04 13:26:13,896 - file_cache is only supported with oauth2client<4.0.0
2026-06-04 13:26:14,547 - Email: Commande leads - ZHM BUSINESS - 900 leads
2026-06-04 13:38:13,388 - Commande: ARTHUR 280
2026-06-04 13:38:13,504 - file_cache is only supported with oauth2client<4.0.0
2026-06-04 13:38:14,056 - Email: Commande leads - ARTHUR - 280 leads
2026-06-04 13:41:04,466 - Commande: GAD CONSULTING 200
2026-06-04 13:41:04,569 - file_cache is only supported with oauth2client<4.0.0
2026-06-04 13:41:05,115 - Email: Commande leads - GAD CONSULTING - 200 leads
2026-06-04 13:41:14,475 - Commande: GAD CONSULTING 150
2026-06-04 13:41:14,578 - file_cache is only supported with oauth2client<4.0.0
2026-06-04 13:41:15,136 - Email: Commande leads - GAD CONSULTING - 150 leads
2026-06-04 14:09:11,225 - Commande: GEF 400
2026-06-04 14:09:11,332 - file_cache is only supported with oauth2client<4.0.0
2026-06-04 14:09:12,015 - Email: Commande leads - GEF - 400 leads
2026-06-04 14:09:51,282 - Commande: GEF 100
2026-06-04 14:09:51,386 - file_cache is only supported with oauth2client<4.0.0
2026-06-04 14:09:51,924 - Email: Commande leads - GEF - 100 leads
2026-06-04 14:18:21,795 - Commande: GEF 100
2026-06-04 14:18:21,922 - file_cache is only supported with oauth2client<4.0.0
2026-06-04 14:18:22,533 - Email: Commande leads - GEF - 100 leads
2026-06-04 14:18:31,812 - Commande: GEF 100
2026-06-04 14:18:31,912 - file_cache is only supported with oauth2client<4.0.0
2026-06-04 14:18:32,551 - Email: Commande leads - GEF - 100 leads
2026-06-04 14:19:41,914 - Commande: gef 100
2026-06-04 14:19:42,019 - file_cache is only supported with oauth2client<4.0.0
2026-06-04 14:19:42,734 - Email: Commande leads - gef - 100 leads
2026-06-04 14:20:28,934 - Commande: GEF 100
2026-06-04 14:20:29,038 - file_cache is only supported with oauth2client<4.0.0
2026-06-04 14:20:29,559 - Email: Commande leads - GEF - 100 leads
2026-06-04 14:31:30,233 - Commande: GEF 50
2026-06-04 14:31:30,652 - file_cache is only supported with oauth2client<4.0.0
2026-06-04 14:31:31,215 - Email: Commande leads - GEF - 50 leads
2026-06-04 15:22:58,085 - Commande: GLOBE ENERGY SHANONE 300
2026-06-04 15:22:58,198 - file_cache is only supported with oauth2client<4.0.0
2026-06-04 15:22:58,883 - Email: Commande leads - GLOBE ENERGY SHANONE - 300 leads
2026-06-04 15:24:05,854 - Commande: ICO CONSEIL 130
2026-06-04 15:24:05,957 - file_cache is only supported with oauth2client<4.0.0
2026-06-04 15:24:06,628 - Email: Commande leads - ICO CONSEIL - 130 leads
2026-06-04 15:55:20,430 - Commande: AJT INVEST 300
2026-06-04 15:55:20,844 - file_cache is only supported with oauth2client<4.0.0
2026-06-04 15:55:21,436 - Email: Commande leads - AJT INVEST - 300 leads
2026-06-04 16:08:33,198 - Commande: BL CONSEIL 450
2026-06-04 16:08:33,304 - file_cache is only supported with oauth2client<4.0.0
2026-06-04 16:08:34,150 - Email: Commande leads - BL CONSEIL - 450 leads
2026-06-04 16:45:54,244 - Commande: MIJ 50
2026-06-04 16:45:54,352 - file_cache is only supported with oauth2client<4.0.0
2026-06-04 16:45:54,895 - Email: Commande leads - MIJ - 50 leads
2026-06-04 16:48:40,648 - Commande: Saviva energie 150
2026-06-04 16:48:40,748 - file_cache is only supported with oauth2client<4.0.0
2026-06-04 16:48:41,367 - Email: Commande leads - Saviva energie - 150 leads
2026-06-04 16:48:50,661 - Commande: Saviva energie 50
2026-06-04 16:48:50,762 - file_cache is only supported with oauth2client<4.0.0
2026-06-04 16:48:51,374 - Email: Commande leads - Saviva energie - 50 leads
2026-06-04 17:18:03,316 - Commande: Groupe ya 250
2026-06-04 17:18:03,774 - file_cache is only supported with oauth2client<4.0.0
2026-06-04 17:18:04,387 - Email: Commande leads - Groupe ya - 250 leads
2026-06-04 17:18:35,798 - Commande: INNOLI 100
2026-06-04 17:18:35,906 - file_cache is only supported with oauth2client<4.0.0
2026-06-04 17:18:36,606 - Email: Commande leads - INNOLI - 100 leads
2026-06-04 17:18:45,812 - Commande: INNOLI 20
2026-06-04 17:18:45,917 - file_cache is only supported with oauth2client<4.0.0
2026-06-04 17:18:46,641 - Email: Commande leads - INNOLI - 20 leads
2026-06-04 17:18:55,834 - Commande: INNOLI 100
2026-06-04 17:18:55,936 - file_cache is only supported with oauth2client<4.0.0
2026-06-04 17:18:56,595 - Email: Commande leads - INNOLI - 100 leads
2026-06-04 17:19:05,857 - Commande: INNOLI 70
2026-06-04 17:19:05,954 - file_cache is only supported with oauth2client<4.0.0
2026-06-04 17:19:06,535 - Email: Commande leads - INNOLI - 70 leads
2026-06-04 17:19:15,879 - Commande: INNOLI 60
2026-06-04 17:19:15,975 - file_cache is only supported with oauth2client<4.0.0
2026-06-04 17:19:16,610 - Email: Commande leads - INNOLI - 60 leads
2026-06-04 17:19:25,902 - Commande: INNOLI 90
2026-06-04 17:19:26,001 - file_cache is only supported with oauth2client<4.0.0
2026-06-04 17:19:26,522 - Email: Commande leads - INNOLI - 90 leads
2026-06-04 17:21:00,256 - Commande: INNOLI 80
2026-06-04 17:21:00,355 - file_cache is only supported with oauth2client<4.0.0
2026-06-04 17:21:00,904 - Email: Commande leads - INNOLI - 80 leads
2026-06-04 17:30:12,097 - Commande: ED CONSULTING 50
2026-06-04 17:30:12,212 - file_cache is only supported with oauth2client<4.0.0
2026-06-04 17:30:13,285 - Email: Commande leads - ED CONSULTING - 50 leads
2026-06-04 17:30:22,113 - Commande: ed consulting 50
2026-06-04 17:30:22,217 - file_cache is only supported with oauth2client<4.0.0
2026-06-04 17:30:22,911 - Email: Commande leads - ed consulting - 50 leads
2026-06-04 17:31:23,958 - Commande: Ateco 100
2026-06-04 17:31:24,076 - file_cache is only supported with oauth2client<4.0.0
2026-06-04 17:31:24,619 - Email: Commande leads - Ateco - 100 leads
2026-06-04 17:32:24,019 - Commande: Saconseil 100
2026-06-04 17:32:24,135 - file_cache is only supported with oauth2client<4.0.0
2026-06-04 17:32:24,685 - Email: Commande leads - Saconseil - 100 leads
2026-06-04 17:33:39,916 - Commande: GEF 100
2026-06-04 17:33:40,017 - file_cache is only supported with oauth2client<4.0.0
2026-06-04 17:33:40,566 - Email: Commande leads - GEF - 100 leads
2026-06-04 17:55:11,019 - Commande: BL CONSEIL 250
2026-06-04 17:55:11,117 - file_cache is only supported with oauth2client<4.0.0
2026-06-04 17:55:11,857 - Email: Commande leads - BL CONSEIL - 250 leads
2026-06-04 18:05:40,893 - Commande: KB conseil 150
2026-06-04 18:05:40,994 - file_cache is only supported with oauth2client<4.0.0
2026-06-04 18:05:41,573 - Email: Commande leads - KB conseil - 150 leads
2026-06-04 18:12:32,830 - Commande: MT CONSEL 150
2026-06-04 18:12:32,931 - file_cache is only supported with oauth2client<4.0.0
2026-06-04 18:12:33,541 - Email: Commande leads - MT CONSEL - 150 leads
2026-06-04 18:12:43,592 - Commande: CHARLES 70
2026-06-04 18:12:43,693 - file_cache is only supported with oauth2client<4.0.0
2026-06-04 18:12:44,336 - Email: Commande leads - CHARLES - 70 leads
2026-06-04 18:12:53,616 - Commande: charles 20
2026-06-04 18:12:53,710 - file_cache is only supported with oauth2client<4.0.0
2026-06-04 18:12:54,238 - Email: Commande leads - charles - 20 leads
2026-06-04 18:13:03,712 - Commande: CHARLES 50
2026-06-04 18:13:03,814 - file_cache is only supported with oauth2client<4.0.0
2026-06-04 18:13:04,485 - Email: Commande leads - CHARLES - 50 leads
2026-06-04 18:27:44,762 - Commande: GEF 300
2026-06-04 18:27:45,314 - file_cache is only supported with oauth2client<4.0.0
2026-06-04 18:27:45,864 - Email: Commande leads - GEF - 300 leads
2026-06-04 18:35:45,327 - Commande: Nakiss partner 100
2026-06-04 18:35:45,429 - file_cache is only supported with oauth2client<4.0.0
2026-06-04 18:35:45,968 - Email: Commande leads - Nakiss partner - 100 leads
2026-06-04 19:31:48,760 - Commande: Nrge 100
2026-06-04 19:31:49,144 - file_cache is only supported with oauth2client<4.0.0
2026-06-04 19:31:49,690 - Email: Commande leads - Nrge - 100 leads
2026-06-04 19:33:48,890 - Commande: Nrge 50
2026-06-04 19:33:48,989 - file_cache is only supported with oauth2client<4.0.0
2026-06-04 19:33:49,530 - Email: Commande leads - Nrge - 50 leads
2026-06-04 19:34:48,949 - Commande: KB conseil 150
2026-06-04 19:34:49,059 - file_cache is only supported with oauth2client<4.0.0
2026-06-04 19:34:49,599 - Email: Commande leads - KB conseil - 150 leads
2026-06-04 22:35:30,166 - Commande: LEV CONSEIL 100
2026-06-04 22:35:30,545 - file_cache is only supported with oauth2client<4.0.0
2026-06-04 22:35:31,724 - Email: Commande leads - LEV CONSEIL - 100 leads
2026-06-04 22:35:40,180 - Commande: LEV CONSEIL 50
2026-06-04 22:35:40,281 - file_cache is only supported with oauth2client<4.0.0
2026-06-04 22:35:40,961 - Email: Commande leads - LEV CONSEIL - 50 leads
2026-06-04 22:36:50,267 - Commande: AS CONSEIL 50
2026-06-04 22:36:50,453 - file_cache is only supported with oauth2client<4.0.0
2026-06-04 22:36:50,982 - Email: Commande leads - AS CONSEIL - 50 leads
2026-06-04 22:37:50,333 - Commande: AS CONSEIL 50
2026-06-04 22:37:50,429 - file_cache is only supported with oauth2client<4.0.0
2026-06-04 22:37:50,940 - Email: Commande leads - AS CONSEIL - 50 leads
2026-06-04 22:38:45,815 - Commande: btc regie ILAN INNOLI 130
2026-06-04 22:38:45,916 - file_cache is only supported with oauth2client<4.0.0
2026-06-04 22:38:46,426 - Email: Commande leads - btc regie ILAN INNOLI - 130 leads
2026-06-04 22:39:01,530 - Commande: A&C solutions 130
2026-06-04 22:39:01,630 - file_cache is only supported with oauth2client<4.0.0
2026-06-04 22:39:02,293 - Email: Commande leads - A&C solutions - 130 leads
2026-06-04 22:39:22,846 - Commande: KY 100
2026-06-04 22:39:22,951 - file_cache is only supported with oauth2client<4.0.0
2026-06-04 22:39:23,464 - Email: Commande leads - KY - 100 leads
2026-06-04 22:40:32,931 - Commande: JDLN 100
2026-06-04 22:40:33,033 - file_cache is only supported with oauth2client<4.0.0
2026-06-04 22:40:33,716 - Email: Commande leads - JDLN - 100 leads
2026-06-04 22:42:33,040 - Commande: JS GOLD 100
2026-06-04 22:42:33,141 - file_cache is only supported with oauth2client<4.0.0
2026-06-04 22:42:33,666 - Email: Commande leads - JS GOLD - 100 leads
2026-06-04 22:43:26,194 - Commande: GLC TAMAR 400
2026-06-04 22:43:26,298 - file_cache is only supported with oauth2client<4.0.0
2026-06-04 22:43:26,975 - Email: Commande leads - GLC TAMAR - 400 leads
2026-06-04 22:43:51,524 - Commande: GLC 150
2026-06-04 22:43:51,625 - file_cache is only supported with oauth2client<4.0.0
2026-06-04 22:43:52,121 - Email: Commande leads - GLC - 150 leads
2026-06-04 22:45:23,590 - Commande: KB conseil 150
2026-06-04 22:45:23,692 - file_cache is only supported with oauth2client<4.0.0
2026-06-04 22:45:24,211 - Email: Commande leads - KB conseil - 150 leads
2026-06-04 22:46:45,308 - Commande: A2e 300
2026-06-04 22:46:45,415 - file_cache is only supported with oauth2client<4.0.0
2026-06-04 22:46:45,927 - Email: Commande leads - A2e - 300 leads
2026-06-04 22:51:34,087 - Commande: ACL GESTION 100
2026-06-04 22:51:34,195 - file_cache is only supported with oauth2client<4.0.0
2026-06-04 22:51:34,724 - Email: Commande leads - ACL GESTION - 100 leads
2026-06-04 23:05:54,001 - Commande: CAL HAN 100
2026-06-04 23:05:54,182 - file_cache is only supported with oauth2client<4.0.0
2026-06-04 23:05:54,701 - Email: Commande leads - CAL HAN - 100 leads
2026-06-04 23:45:30,711 - Commande: ysaac partner 150
2026-06-04 23:45:31,323 - file_cache is only supported with oauth2client<4.0.0
2026-06-04 23:45:31,844 - Email: Commande leads - ysaac partner - 150 leads
2026-06-05 11:28:29,296 - Commande: Sw conseils 150
2026-06-05 11:28:29,689 - file_cache is only supported with oauth2client<4.0.0
2026-06-05 11:28:30,391 - Email: Commande leads - Sw conseils - 150 leads
2026-06-11 11:47:48,671 - Commande: Ateco 100
2026-06-11 11:47:49,872 - file_cache is only supported with oauth2client<4.0.0
2026-06-11 11:47:50,804 - Email: Commande leads - Ateco - 100 leads
2026-06-11 11:47:59,276 - Commande: Saconseil 100
2026-06-11 11:47:59,372 - file_cache is only supported with oauth2client<4.0.0
2026-06-11 11:47:59,971 - Email: Commande leads - Saconseil - 100 leads
2026-06-11 11:55:21,885 - Commande: BL CONSEIL 500
2026-06-11 11:55:21,991 - file_cache is only supported with oauth2client<4.0.0
2026-06-11 11:55:22,567 - Email: Commande leads - BL CONSEIL - 500 leads
2026-06-11 11:55:31,901 - Commande: BL CONSEIL 250
2026-06-11 11:55:32,002 - file_cache is only supported with oauth2client<4.0.0
2026-06-11 11:55:32,634 - Email: Commande leads - BL CONSEIL - 250 leads
2026-06-11 11:55:41,917 - Commande: LUNA 700
2026-06-11 11:55:42,016 - file_cache is only supported with oauth2client<4.0.0
2026-06-11 11:55:42,716 - Email: Commande leads - LUNA - 700 leads
2026-06-11 12:08:03,951 - Commande: ZHM BUSINESS 900
2026-06-11 12:08:04,068 - file_cache is only supported with oauth2client<4.0.0
2026-06-11 12:08:04,651 - Email: Commande leads - ZHM BUSINESS - 900 leads
2026-06-11 12:28:33,999 - Commande: Saviva energie 150
2026-06-11 12:28:34,101 - file_cache is only supported with oauth2client<4.0.0
2026-06-11 12:28:34,692 - Email: Commande leads - Saviva energie - 150 leads
2026-06-11 12:29:34,087 - Commande: Saviva energie 50
2026-06-11 12:29:34,186 - file_cache is only supported with oauth2client<4.0.0
2026-06-11 12:29:34,741 - Email: Commande leads - Saviva energie - 50 leads
2026-06-11 12:36:55,791 - Commande: A2e 300
2026-06-11 12:36:55,906 - file_cache is only supported with oauth2client<4.0.0
2026-06-11 12:36:56,509 - Email: Commande leads - A2e - 300 leads
2026-06-11 16:06:09,771 - Commande: Sw conseils 250
2026-06-11 16:06:10,254 - file_cache is only supported with oauth2client<4.0.0
2026-06-11 16:06:10,941 - Email: Commande leads - Sw conseils - 250 leads
2026-06-11 16:23:05,577 - Commande: GEF 300
2026-06-11 16:23:05,681 - file_cache is only supported with oauth2client<4.0.0
2026-06-11 16:23:06,393 - Email: Commande leads - GEF - 300 leads
2026-06-11 16:23:15,608 - Commande: GEF 100
2026-06-11 16:23:15,712 - file_cache is only supported with oauth2client<4.0.0
2026-06-11 16:23:16,350 - Email: Commande leads - GEF - 100 leads
2026-06-11 16:23:25,667 - Commande: GEF 50
2026-06-11 16:23:25,773 - file_cache is only supported with oauth2client<4.0.0
2026-06-11 16:23:27,427 - Email: Commande leads - GEF - 50 leads
2026-06-11 16:23:35,690 - Commande: GEF 100
2026-06-11 16:23:35,785 - file_cache is only supported with oauth2client<4.0.0
2026-06-11 16:23:36,432 - Email: Commande leads - GEF - 100 leads
2026-06-11 16:23:45,718 - Commande: gef 100
2026-06-11 16:23:45,819 - file_cache is only supported with oauth2client<4.0.0
2026-06-11 16:23:46,345 - Email: Commande leads - gef - 100 leads
2026-06-11 16:23:55,732 - Commande: GEF 100
2026-06-11 16:23:55,833 - file_cache is only supported with oauth2client<4.0.0
2026-06-11 16:23:56,473 - Email: Commande leads - GEF - 100 leads
2026-06-11 16:24:05,775 - Commande: GEF 400
2026-06-11 16:24:05,886 - file_cache is only supported with oauth2client<4.0.0
2026-06-11 16:24:06,521 - Email: Commande leads - GEF - 400 leads
2026-06-11 16:25:24,907 - Commande: GEF 100
2026-06-11 16:25:25,010 - file_cache is only supported with oauth2client<4.0.0
2026-06-11 16:25:25,613 - Email: Commande leads - GEF - 100 leads
2026-06-11 16:26:23,055 - Commande: Sw conseils 150
2026-06-11 16:26:23,155 - file_cache is only supported with oauth2client<4.0.0
2026-06-11 16:26:23,717 - Email: Commande leads - Sw conseils - 150 leads
2026-06-11 16:26:48,138 - Commande: btc regie ILAN INNOLI 150
2026-06-11 16:26:48,238 - file_cache is only supported with oauth2client<4.0.0
2026-06-11 16:26:48,893 - Email: Commande leads - btc regie ILAN INNOLI - 150 leads
2026-06-11 16:45:55,674 - Commande: Nakisspartner 150
2026-06-11 16:45:55,777 - file_cache is only supported with oauth2client<4.0.0
2026-06-11 16:45:56,678 - Email: Commande leads - Nakisspartner - 150 leads
2026-06-11 16:46:33,526 - Commande: INNOLI 100
2026-06-11 16:46:33,630 - file_cache is only supported with oauth2client<4.0.0
2026-06-11 16:46:34,208 - Email: Commande leads - INNOLI - 100 leads
2026-06-11 16:46:43,541 - Commande: INNOLI 60
2026-06-11 16:46:43,646 - file_cache is only supported with oauth2client<4.0.0
2026-06-11 16:46:44,277 - Email: Commande leads - INNOLI - 60 leads
2026-06-11 16:46:53,556 - Commande: INNOLI 100
2026-06-11 16:46:53,658 - file_cache is only supported with oauth2client<4.0.0
2026-06-11 16:46:54,172 - Email: Commande leads - INNOLI - 100 leads
2026-06-11 16:47:03,580 - Commande: INNOLI 60
2026-06-11 16:47:03,675 - file_cache is only supported with oauth2client<4.0.0
2026-06-11 16:47:04,188 - Email: Commande leads - INNOLI - 60 leads
2026-06-11 16:47:13,609 - Commande: INNOLI 80
2026-06-11 16:47:13,703 - file_cache is only supported with oauth2client<4.0.0
2026-06-11 16:47:14,240 - Email: Commande leads - INNOLI - 80 leads
2026-06-11 16:47:23,629 - Commande: INNOLI 20
2026-06-11 16:47:23,728 - file_cache is only supported with oauth2client<4.0.0
2026-06-11 16:47:24,337 - Email: Commande leads - INNOLI - 20 leads
2026-06-11 16:47:33,641 - Commande: INNOLI 100
2026-06-11 16:47:33,743 - file_cache is only supported with oauth2client<4.0.0
2026-06-11 16:47:34,276 - Email: Commande leads - INNOLI - 100 leads
2026-06-11 17:05:22,468 - Commande: AN PARTNERS 300
2026-06-11 17:05:22,839 - file_cache is only supported with oauth2client<4.0.0
2026-06-11 17:05:23,480 - Email: Commande leads - AN PARTNERS - 300 leads
2026-06-11 17:08:59,000 - Commande: Nrge 150
2026-06-11 17:08:59,100 - file_cache is only supported with oauth2client<4.0.0
2026-06-11 17:08:59,833 - Email: Commande leads - Nrge - 150 leads
2026-06-11 17:10:29,115 - Commande: Nrge 50
2026-06-11 17:10:29,209 - file_cache is only supported with oauth2client<4.0.0
2026-06-11 17:10:29,876 - Email: Commande leads - Nrge - 50 leads
2026-06-11 19:04:54,850 - Commande: GLOBE ENERGY SHANONE 250
2026-06-11 19:04:55,241 - file_cache is only supported with oauth2client<4.0.0
2026-06-11 19:04:55,936 - Email: Commande leads - GLOBE ENERGY SHANONE - 250 leads
2026-06-11 19:05:08,636 - Commande: KY 150
2026-06-11 19:05:08,735 - file_cache is only supported with oauth2client<4.0.0
2026-06-11 19:05:09,292 - Email: Commande leads - KY - 150 leads
2026-06-11 19:14:46,518 - Commande: ACL GESTION 150
2026-06-11 19:14:46,885 - file_cache is only supported with oauth2client<4.0.0
2026-06-11 19:14:47,538 - Email: Commande leads - ACL GESTION - 150 leads
2026-06-11 19:16:11,354 - Commande: AJT INVEST 300
2026-06-11 19:16:11,456 - file_cache is only supported with oauth2client<4.0.0
2026-06-11 19:16:12,120 - Email: Commande leads - AJT INVEST - 300 leads
2026-06-11 19:18:30,120 - Commande: A&C solutions 150
2026-06-11 19:18:30,225 - file_cache is only supported with oauth2client<4.0.0
2026-06-11 19:18:30,783 - Email: Commande leads - A&C solutions - 150 leads
2026-06-11 20:08:45,005 - Commande: JS GOLD 150
2026-06-11 20:08:45,692 - file_cache is only supported with oauth2client<4.0.0
2026-06-11 20:08:46,348 - Email: Commande leads - JS GOLD - 150 leads
2026-06-11 20:09:09,489 - Commande: GLC TAMAR 400
2026-06-11 20:09:09,591 - file_cache is only supported with oauth2client<4.0.0
2026-06-11 20:09:10,200 - Email: Commande leads - GLC TAMAR - 400 leads
